country,gdp_per_capita ($),suicides/100k pop,year
WORLD,6091.229166666667,11.826197916666661,1985
WORLD,7126.104166666667,11.423333333333336,1986
WORLD,8712.592592592593,11.64421296296296,1987
WORLD,9983.857142857143,12.709404761904759,1988
WORLD,9725.038461538461,12.879070512820507,1989
WORLD,9806.328125,12.862955729166666,1990
WORLD,10132.9375,13.438880208333336,1991
WORLD,10506.707692307693,13.498564102564115,1992
WORLD,10553.584615384616,13.833705128205123,1993
WORLD,11567.10294117647,14.07327205882353,1994
WORLD,12669.346153846154,15.662670940170946,1995
WORLD,12554.90909090909,15.305422077922088,1996
WORLD,12336.142857142857,14.954361471861489,1997
WORLD,12137.898734177215,14.926919831223637,1998
WORLD,12832.192771084337,14.532038152610449,1999
WORLD,12466.546511627907,13.94132751937986,2000
WORLD,12005.579545454546,13.519138257575767,2001
WORLD,12613.779069767443,13.786550387596913,2002
WORLD,14716.186046511628,13.20501937984495,2003
WORLD,17753.904761904763,12.481944444444451,2004
WORLD,20155.964285714286,12.068442460317463,2005
WORLD,21140.964705882354,11.927460784313718,2006
WORLD,23943.43023255814,12.025339147286827,2007
WORLD,26408.04705882353,11.907686274509805,2008
WORLD,22607.91011235955,11.400786516853934,2009
WORLD,23857.19318181818,11.215899621212124,2010
WORLD,26100.918604651164,11.015348837209324,2011
WORLD,26808.95061728395,11.42171810699588,2012
WORLD,28032.675,11.107958333333325,2013
WORLD,27420.141025641027,11.011463675213678,2014
WORLD,26231.1935483871,11.094072580645154,2015
WORLD,25665.125,13.421187500000007,2016
Albania,796.0,2.6541666666666663,1987
Albania,769.0,2.705,1988
Albania,833.0,2.783333333333333,1989
Albania,251.0,1.5000000000000002,1992
Albania,437.0,2.7133333333333334,1993
Albania,697.0,2.681666666666667,1994
Albania,835.0,3.379166666666667,1995
Albania,1127.0,3.635,1996
Albania,793.0,6.452500000000001,1997
Albania,899.0,5.543333333333333,1998
Albania,1127.0,5.8175,1999
Albania,1299.0,2.558333333333333,2000
Albania,1451.0,4.218333333333333,2001
Albania,1573.0,5.209166666666667,2002
Albania,2021.0,4.883333333333334,2003
Albania,2544.0,5.449166666666667,2004
Albania,2931.0,0.0,2005
Albania,3235.0,0.0,2006
Albania,3863.0,5.4875,2007
Albania,4672.0,5.920833333333334,2008
Albania,4387.0,0.0,2009
Albania,4359.0,3.4716666666666662,2010
Antigua and Barbuda,3850.0,0.0,1985
Antigua and Barbuda,4740.0,0.0,1986
Antigua and Barbuda,5595.0,0.0,1987
Antigua and Barbuda,6693.0,0.0,1988
Antigua and Barbuda,7407.0,0.0,1989
Antigua and Barbuda,7744.0,1.4366666666666665,1990
Antigua and Barbuda,7976.0,0.0,1991
Antigua and Barbuda,8087.0,0.0,1992
Antigua and Barbuda,8453.0,1.25,1993
Antigua and Barbuda,9062.0,0.0,1994
Antigua and Barbuda,8636.0,0.0,1995
Antigua and Barbuda,10078.0,0.0,1998
Antigua and Barbuda,10378.0,0.0,1999
Antigua and Barbuda,11021.0,3.330833333333333,2000
Antigua and Barbuda,10468.0,1.6208333333333333,2001
Antigua and Barbuda,10499.0,0.0,2002
Antigua and Barbuda,10878.0,2.3183333333333334,2003
Antigua and Barbuda,11535.0,3.0050000000000003,2004
Antigua and Barbuda,12649.0,0.0,2005
Antigua and Barbuda,14114.0,0.0,2006
Antigua and Barbuda,15775.0,0.665,2007
Antigua and Barbuda,16238.0,0.0,2008
Antigua and Barbuda,14335.0,0.0,2009
Antigua and Barbuda,13657.0,0.0,2012
Antigua and Barbuda,13287.0,0.0,2013
Antigua and Barbuda,14093.0,0.0,2014
Antigua and Barbuda,14853.0,1.3016666666666665,2015
Argentina,3264.0,11.205833333333336,1985
Argentina,4072.0,12.741666666666669,1986
Argentina,4026.0,12.081666666666665,1987
Argentina,4458.0,12.186666666666667,1988
Argentina,2670.0,11.5775,1989
Argentina,4859.0,11.241666666666665,1990
Argentina,6404.0,9.936666666666666,1991
Argentina,7615.0,10.571666666666669,1992
Argentina,7768.0,11.230833333333335,1993
Argentina,8328.0,10.170833333333333,1994
Argentina,8232.0,9.9975,1995
Argentina,8563.0,9.835833333333333,1996
Argentina,9057.0,9.283333333333331,1997
Argentina,9126.0,9.744166666666665,1998
Argentina,8546.0,9.765833333333333,1999
Argentina,8462.0,10.949166666666665,2000
Argentina,7900.0,11.963333333333331,2001
Argentina,2840.0,11.618333333333332,2002
Argentina,3668.0,12.190833333333332,2003
Argentina,4683.0,10.921666666666665,2004
Argentina,5590.0,10.681666666666667,2005
Argentina,6475.0,10.684999999999997,2006
Argentina,7918.0,9.862500000000002,2007
Argentina,9843.0,9.8425,2008
Argentina,8961.0,8.943333333333333,2009
Argentina,11273.0,9.270000000000001,2010
Argentina,13946.0,8.822499999999998,2011
Argentina,14203.0,9.984999999999998,2012
Argentina,14206.0,8.618333333333334,2013
Argentina,13400.0,9.279166666666667,2014
Argentina,14981.0,9.344166666666668,2015
Armenia,756.0,3.4266666666666663,1990
Armenia,640.0,3.822500000000001,1991
Armenia,385.0,3.4050000000000007,1992
Armenia,357.0,4.254166666666667,1993
Armenia,387.0,5.560833333333334,1994
Armenia,426.0,4.315833333333333,1995
Armenia,458.0,3.0875000000000004,1996
Armenia,465.0,2.685833333333333,1997
Armenia,532.0,2.2849999999999997,1998
Armenia,515.0,2.0566666666666666,1999
Armenia,530.0,2.858333333333334,2000
Armenia,587.0,2.481666666666667,2001
Armenia,788.0,3.172500000000001,2002
Armenia,928.0,2.785833333333334,2003
Armenia,2310.0,3.6391666666666667,2006
Armenia,3366.0,3.2516666666666665,2007
Armenia,3829.0,2.9291666666666667,2008
Armenia,3215.0,2.8083333333333336,2009
Armenia,3460.0,3.367500000000001,2010
Armenia,3798.0,2.7483333333333335,2011
Armenia,3773.0,3.0475000000000008,2012
Armenia,3957.0,3.1233333333333335,2013
Armenia,4142.0,3.084166666666666,2014
Armenia,3775.0,3.7733333333333334,2015
Armenia,3788.0,4.056000000000001,2016
Aruba,17949.0,25.709166666666665,1995
Aruba,21027.0,9.6225,1999
Aruba,22333.0,25.444166666666664,2000
Aruba,22317.0,2.2733333333333334,2001
Aruba,21987.0,10.538333333333336,2002
Aruba,22345.0,1.0775,2003
Aruba,24133.0,14.726666666666665,2004
Aruba,24870.0,8.298333333333332,2005
Aruba,25622.0,8.025833333333333,2006
Aruba,27672.0,7.682500000000001,2007
Aruba,29447.0,3.4533333333333336,2008
Aruba,26361.0,3.519166666666667,2009
Aruba,25974.0,4.8875,2010
Aruba,27066.0,7.785,2011
Australia,12374.0,13.6175,1985
Australia,12288.0,14.649166666666668,1986
Australia,12564.0,15.735000000000005,1987
Australia,15393.0,14.943333333333333,1988
Australia,19223.0,14.009166666666667,1989
Australia,19665.0,14.362499999999997,1990
Australia,20320.0,15.012500000000003,1991
Australia,20050.0,14.220000000000004,1992
Australia,19030.0,12.912499999999996,1993
Australia,19469.0,13.979166666666666,1994
Australia,21902.0,12.9325,1995
Australia,23526.0,14.611666666666665,1996
Australia,25234.0,15.577500000000006,1997
Australia,22897.0,14.700833333333335,1998
Australia,22016.0,13.929166666666665,1999
Australia,23219.0,13.15166666666667,2000
Australia,20860.0,13.232500000000002,2001
Australia,21474.0,12.056666666666667,2002
Australia,25059.0,11.153333333333334,2003
Australia,32454.0,11.146666666666668,2004
Australia,39014.0,10.6575,2006
Australia,43171.0,10.854166666666666,2007
Australia,52315.0,10.874166666666666,2008
Australia,45128.0,10.843333333333334,2009
Australia,54887.0,11.053333333333335,2010
Australia,66770.0,11.101666666666665,2011
Australia,72669.0,11.630833333333333,2012
Australia,72856.0,11.565,2013
Australia,66809.0,12.4225,2014
Australia,60656.0,12.848333333333336,2015
Austria,9759.0,32.0675,1985
Austria,13911.0,33.48333333333333,1986
Austria,17415.0,33.82333333333333,1987
Austria,18663.0,29.80333333333333,1988
Austria,18544.0,29.94333333333333,1989
Austria,23020.0,29.481666666666666,1990
Austria,23808.0,29.622500000000006,1991
Austria,26450.0,28.47833333333334,1992
Austria,25611.0,28.99666666666666,1993
Austria,27274.0,28.634999999999994,1994
Austria,32237.0,29.007499999999993,1995
Austria,31660.0,28.554166666666664,1996
Austria,28325.0,24.791666666666675,1997
Austria,28972.0,24.115,1998
Austria,28722.0,23.358333333333334,1999
Austria,25922.0,24.147499999999997,2000
Austria,25848.0,21.825833333333332,2001
Austria,27772.0,23.076666666666668,2002
Austria,33889.0,21.421666666666667,2003
Austria,38711.0,21.169999999999998,2004
Austria,40367.0,19.604166666666664,2005
Austria,42698.0,18.241666666666664,2006
Austria,49218.0,18.109166666666667,2007
Austria,54294.0,18.0375,2008
Austria,50356.0,17.768333333333334,2009
Austria,49181.0,17.295833333333338,2010
Austria,53923.0,17.624166666666667,2011
Austria,50979.0,17.219166666666666,2012
Austria,53229.0,17.676666666666666,2013
Austria,54278.0,17.484999999999996,2014
Austria,46484.0,16.218333333333334,2015
Austria,46976.0,18.323,2016
Azerbaijan,1439.0,2.050833333333333,1990
Azerbaijan,1398.0,2.6858333333333335,1991
Azerbaijan,784.0,2.898333333333334,1992
Azerbaijan,617.0,2.6266666666666665,1993
Azerbaijan,508.0,1.0033333333333334,1994
Azerbaijan,462.0,1.1900000000000002,1995
Azerbaijan,476.0,1.4858333333333336,1996
Azerbaijan,590.0,1.5491666666666666,1997
Azerbaijan,631.0,0.8891666666666665,1998
Azerbaijan,645.0,0.715,1999
Azerbaijan,711.0,1.2008333333333334,2000
Azerbaijan,759.0,5.004166666666667,2001
Azerbaijan,820.0,1.6183333333333332,2002
Azerbaijan,948.0,2.2558333333333334,2003
Azerbaijan,1122.0,1.5274999999999999,2004
Azerbaijan,4172.0,0.9858333333333335,2007
Bahamas,11393.0,0.39666666666666667,1985
Bahamas,12286.0,1.1325,1987
Bahamas,12698.0,3.125833333333333,1993
Bahamas,13073.0,0.8833333333333333,1994
Bahamas,13473.0,0.5966666666666667,1995
Bahamas,14297.0,0.8183333333333334,1996
Bahamas,24740.0,0.5958333333333333,1997
Bahamas,26269.0,0.9241666666666667,1998
Bahamas,29019.0,1.913333333333333,1999
Bahamas,29942.0,3.3883333333333336,2000
Bahamas,30122.0,0.22333333333333336,2001
Bahamas,31432.0,0.8308333333333332,2002
Bahamas,30704.0,0.20750000000000002,2003
Bahamas,30671.0,0.49416666666666664,2004
Bahamas,32596.0,1.11,2005
Bahamas,32957.0,0.47000000000000003,2006
Bahamas,33710.0,1.1183333333333334,2007
Bahamas,32746.0,1.0408333333333335,2008
Bahamas,30450.0,1.3316666666666668,2009
Bahamas,30239.0,4.86,2010
Bahamas,29761.0,1.0824999999999998,2011
Bahamas,31204.0,0.9866666666666667,2012
Bahamas,30455.0,1.1591666666666667,2013
Bahrain,9980.0,1.6766666666666665,1985
Bahrain,9321.0,2.14,1987
Bahrain,9501.0,2.066666666666667,1988
Bahrain,11985.0,0.0,1997
Bahrain,11325.0,0.0,1998
Bahrain,11703.0,1.8716666666666664,1999
Bahrain,15345.0,2.7274999999999996,2000
Bahrain,14383.0,2.5549999999999993,2001
Bahrain,14572.0,2.3066666666666666,2002
Bahrain,15756.0,2.6991666666666667,2003
Bahrain,17497.0,4.517500000000001,2004
Bahrain,19485.0,3.3516666666666666,2005
Bahrain,20826.0,2.265,2006
Bahrain,22524.0,2.674166666666667,2007
Bahrain,25106.0,2.3241666666666667,2008
Bahrain,20988.0,2.049166666666667,2009
Bahrain,22572.0,0.9908333333333333,2010
Bahrain,26078.0,1.2466666666666668,2011
Bahrain,25587.0,0.7233333333333333,2012
Bahrain,26793.0,0.20750000000000002,2013
Bahrain,27503.0,0.5433333333333333,2014
Barbados,6137.0,5.1433333333333335,1985
Barbados,6720.0,3.060833333333333,1986
Barbados,7333.0,2.455,1987
Barbados,7763.0,4.7825,1988
Barbados,8541.0,6.131666666666667,1989
Barbados,8537.0,10.1025,1990
Barbados,8469.0,6.410833333333333,1991
Barbados,8129.0,5.294166666666667,1992
Barbados,8540.0,7.577500000000001,1993
Barbados,8953.0,5.59,1994
Barbados,9378.0,6.024166666666666,1995
Barbados,12430.0,3.0941666666666667,2000
Barbados,12348.0,0.7208333333333333,2001
Barbados,12511.0,0.0,2002
Barbados,12887.0,0.0,2003
Barbados,13786.0,0.6491666666666667,2004
Barbados,15230.0,0.215,2005
Barbados,16531.0,3.7816666666666667,2006
Barbados,17528.0,0.0,2007
Barbados,17760.0,0.1925,2008
Barbados,17007.0,2.4,2009
Barbados,17034.0,0.635,2010
Barbados,17708.0,0.0,2011
Barbados,17620.0,0.0,2012
Barbados,17395.0,0.0,2013
Belarus,2301.0,22.864166666666666,1990
Belarus,1899.0,24.803333333333338,1991
Belarus,1780.0,26.18666666666667,1992
Belarus,1689.0,30.425833333333333,1993
Belarus,1547.0,33.63166666666667,1994
Belarus,1444.0,33.6675,1995
Belarus,1524.0,37.97583333333333,1996
Belarus,1458.0,37.20833333333333,1997
Belarus,1570.0,37.97,1998
Belarus,1269.0,37.53,1999
Belarus,1335.0,37.275,2000
Belarus,1299.0,34.97083333333334,2001
Belarus,1541.0,34.24999999999999,2002
Belarus,1892.0,37.071666666666665,2003
Belarus,4898.0,29.657500000000002,2007
Belarus,6601.0,29.346666666666664,2008
Belarus,5366.0,31.294999999999998,2009
Belarus,6371.0,27.664999999999996,2010
Belarus,6902.0,24.94666666666667,2011
Belarus,8477.0,22.776666666666667,2013
Belarus,8849.0,21.075833333333332,2014
Belgium,9356.0,27.67,1985
Belgium,12992.0,26.224166666666665,1986
Belgium,16165.0,27.313333333333333,1987
Belgium,17509.0,23.649999999999995,1988
Belgium,17659.0,23.737499999999994,1989
Belgium,22032.0,23.092499999999998,1990
Belgium,22523.0,22.001666666666665,1991
Belgium,25036.0,22.156666666666666,1992
Belgium,23875.0,25.039166666666663,1993
Belgium,25922.0,25.033333333333335,1994
Belgium,30394.0,23.825000000000003,1995
Belgium,29438.0,22.295,1996
Belgium,26609.0,23.728333333333328,1997
Belgium,27087.0,22.061666666666664,1998
Belgium,26969.0,19.225,1999
Belgium,24592.0,22.316666666666666,2000
Belgium,24494.0,21.768333333333334,2001
Belgium,26526.0,20.654999999999998,2002
Belgium,32538.0,20.727499999999996,2003
Belgium,37661.0,19.255000000000003,2004
Belgium,39124.0,19.312500000000004,2005
Belgium,41135.0,17.90833333333333,2006
Belgium,47040.0,17.38083333333333,2007
Belgium,51345.0,18.46166666666667,2008
Belgium,47630.0,18.195833333333336,2009
Belgium,47355.0,18.348333333333333,2010
Belgium,50893.0,18.8925,2011
Belgium,47678.0,18.094166666666666,2012
Belgium,49489.0,16.795833333333338,2013
Belgium,50173.0,16.820833333333336,2014
Belgium,42830.0,16.388333333333332,2015
Belize,1552.0,1.6141666666666665,1986
Belize,1920.0,2.6175,1987
Belize,2372.0,0.43,1989
Belize,2614.0,2.475,1990
Belize,2742.0,1.9941666666666666,1991
Belize,3278.0,0.5408333333333334,1993
Belize,3399.0,13.727500000000001,1994
Belize,3436.0,11.997499999999997,1995
Belize,3545.0,5.107500000000001,1996
Belize,3487.0,0.4808333333333333,1997
Belize,3531.0,6.814999999999999,1998
Belize,3615.0,6.976666666666666,1999
Belize,3960.0,13.400000000000004,2000
Belize,4013.0,12.641666666666666,2001
Belize,4161.0,5.801666666666667,2002
Belize,4289.0,4.916666666666667,2003
Belize,4449.0,9.781666666666666,2004
Belize,4547.0,3.841666666666667,2005
Belize,4815.0,3.1600000000000006,2006
Belize,4951.0,6.540833333333333,2007
Belize,5098.0,7.196666666666668,2008
Belize,4841.0,4.8133333333333335,2009
Belize,4923.0,5.123333333333332,2010
Belize,5098.0,12.775,2011
Belize,5264.0,6.120833333333333,2012
Belize,5272.0,4.7,2013
Belize,5448.0,7.579166666666667,2014
Belize,5561.0,11.288333333333334,2015
Bosnia and Herzegovina,5076.0,0.10916666666666668,2011
Bosnia and Herzegovina,5079.0,9.125,2014
Brazil,1898.0,4.931666666666667,1985
Brazil,2257.0,4.7633333333333345,1986
Brazil,2394.0,5.843333333333333,1987
Brazil,2628.0,5.446666666666668,1988
Brazil,3310.0,5.335,1989
Brazil,3516.0,5.588333333333332,1990
Brazil,4490.0,5.695000000000001,1991
Brazil,2924.0,5.41,1992
Brazil,3136.0,5.655,1993
Brazil,3925.0,5.959166666666667,1994
Brazil,5313.0,6.269999999999999,1995
Brazil,5771.0,6.110833333333333,1996
Brazil,5891.0,6.400000000000001,1997
Brazil,5663.0,6.254166666666666,1998
Brazil,3864.0,5.637499999999999,1999
Brazil,4156.0,5.685833333333332,2000
Brazil,3492.0,6.124166666666667,2001
Brazil,3121.0,5.814166666666666,2002
Brazil,3376.0,5.6725,2003
Brazil,3984.0,5.851666666666667,2004
Brazil,5230.0,6.133333333333334,2005
Brazil,6403.0,5.824999999999999,2006
Brazil,7970.0,5.973333333333333,2007
Brazil,9555.0,6.017500000000001,2008
Brazil,9283.0,5.864166666666667,2009
Brazil,12161.0,6.060833333333334,2010
Brazil,14245.0,6.034166666666668,2011
Brazil,13283.0,6.204166666666668,2012
Brazil,13191.0,6.117500000000001,2013
Brazil,12975.0,6.094166666666667,2014
Brazil,9431.0,6.454166666666667,2015
Bulgaria,2044.0,25.259999999999994,1985
Bulgaria,2413.0,22.956666666666667,1986
Bulgaria,3355.0,25.699999999999992,1987
Bulgaria,2688.0,24.37416666666667,1988
Bulgaria,2617.0,24.349166666666665,1989
Bulgaria,2451.0,21.36916666666667,1990
Bulgaria,1298.0,22.411666666666665,1991
Bulgaria,1287.0,25.883333333333326,1992
Bulgaria,1354.0,23.196666666666673,1993
Bulgaria,1213.0,24.0325,1994
Bulgaria,1636.0,23.15416666666667,1995
Bulgaria,1270.0,24.683333333333337,1996
Bulgaria,1411.0,23.03,1997
Bulgaria,1852.0,25.38416666666667,1998
Bulgaria,1715.0,20.8925,1999
Bulgaria,1680.0,21.60166666666667,2000
Bulgaria,1854.0,20.385,2001
Bulgaria,2157.0,20.6125,2002
Bulgaria,2800.0,17.304166666666667,2003
Bulgaria,3485.0,15.343333333333332,2004
Bulgaria,4003.0,14.838333333333333,2005
Bulgaria,4638.0,15.544166666666667,2006
Bulgaria,6073.0,14.480833333333335,2007
Bulgaria,7487.0,14.195,2008
Bulgaria,7186.0,12.868333333333332,2009
Bulgaria,7066.0,13.187500000000005,2010
Bulgaria,8137.0,11.126666666666665,2011
Bulgaria,7745.0,13.680833333333332,2012
Bulgaria,8057.0,11.180000000000001,2013
Bulgaria,8241.0,11.6475,2014
Cabo Verde,4124.0,11.153333333333334,2011
Canada,15522.0,13.871666666666668,1985
Canada,16062.0,15.8425,1986
Canada,18124.0,14.944166666666666,1987
Canada,21069.0,14.615,1988
Canada,23188.0,14.248333333333333,1989
Canada,24041.0,13.751666666666663,1990
Canada,24038.0,13.98166666666667,1991
Canada,22393.0,13.633333333333333,1992
Canada,21421.0,13.668333333333331,1993
Canada,21219.0,13.492500000000001,1994
Canada,21871.0,13.626666666666667,1995
Canada,22686.0,13.574166666666668,1996
Canada,23245.0,12.61916666666667,1997
Canada,22268.0,12.51,1998
Canada,23572.0,13.203333333333335,1999
Canada,25589.0,11.583333333333336,2000
Canada,25165.0,11.4525,2001
Canada,25570.0,11.477500000000001,2002
Canada,29787.0,11.439166666666667,2003
Canada,33787.0,10.971666666666666,2004
Canada,38218.0,11.153333333333334,2005
Canada,42566.0,10.535833333333333,2006
Canada,46890.0,10.620833333333334,2007
Canada,49041.0,10.6325,2008
Canada,42933.0,10.889166666666663,2009
Canada,49974.0,11.055833333333334,2010
Canada,54841.0,10.418333333333335,2011
Canada,55347.0,10.656666666666665,2012
Canada,55310.0,11.090833333333334,2013
Chile,1658.0,9.075833333333335,1985
Chile,1728.0,7.578333333333333,1986
Chile,1985.0,7.451666666666667,1987
Chile,2303.0,7.908333333333332,1988
Chile,2599.0,8.37,1989
Chile,2828.0,7.655,1990
Chile,3187.0,8.235833333333336,1991
Chile,3791.0,6.573333333333333,1992
Chile,4006.0,8.598333333333334,1993
Chile,4551.0,7.944999999999999,1994
Chile,5695.0,9.075833333333334,1995
Chile,5946.0,7.975833333333334,1996
Chile,6368.0,8.344166666666666,1997
Chile,6023.0,9.147499999999999,1998
Chile,5470.0,9.321666666666665,1999
Chile,5584.0,12.43166666666667,2000
Chile,5020.0,12.298333333333334,2001
Chile,4866.0,12.44,2002
Chile,5208.0,12.795,2003
Chile,6744.0,12.974166666666667,2004
Chile,8256.0,12.285833333333334,2005
Chile,10270.0,12.921666666666667,2006
Chile,11387.0,12.576666666666668,2007
Chile,11653.0,13.99,2008
Chile,11062.0,14.525,2009
Chile,13874.0,13.57333333333333,2010
Chile,15854.0,13.40333333333333,2011
Chile,16617.0,12.367500000000001,2012
Chile,17140.0,11.21,2013
Chile,15883.0,11.447499999999998,2014
Chile,14729.0,12.306666666666667,2015
Colombia,1393.0,5.213333333333333,1985
Colombia,1366.0,4.175833333333334,1986
Colombia,1299.0,3.764166666666666,1987
Colombia,1369.0,4.22,1988
Colombia,1350.0,3.474166666666667,1989
Colombia,1346.0,3.619166666666666,1990
Colombia,1348.0,3.6308333333333334,1991
Colombia,1664.0,4.123333333333334,1992
Colombia,1845.0,4.1025,1993
Colombia,2646.0,4.6625,1994
Colombia,2796.0,4.136666666666667,1995
Colombia,2883.0,4.430833333333333,1996
Colombia,3106.0,4.397499999999999,1997
Colombia,2814.0,6.806666666666666,1998
Colombia,2419.0,7.008333333333334,1999
Colombia,2755.0,7.481666666666666,2000
Colombia,2662.0,7.355833333333332,2001
Colombia,2613.0,6.781666666666666,2002
Colombia,2489.0,6.654166666666668,2003
Colombia,3033.0,7.020833333333333,2004
Colombia,3742.0,6.236666666666667,2005
Colombia,4095.0,6.534166666666667,2006
Colombia,5150.0,6.187500000000003,2007
Colombia,5971.0,6.185000000000001,2008
Colombia,5643.0,6.152500000000001,2009
Colombia,6836.0,5.603333333333334,2010
Colombia,7885.0,5.239999999999999,2011
Colombia,8586.0,5.5375000000000005,2012
Colombia,8731.0,5.2941666666666665,2013
Colombia,8591.0,5.551666666666667,2014
Colombia,6552.0,5.866666666666666,2015
Costa Rica,2145.0,5.788333333333333,1985
Costa Rica,2389.0,7.486666666666667,1986
Costa Rica,2433.0,7.130000000000002,1987
Costa Rica,2460.0,7.415000000000002,1988
Costa Rica,2686.0,7.064166666666665,1989
Costa Rica,2817.0,7.772500000000002,1990
Costa Rica,2651.0,5.1433333333333335,1991
Costa Rica,3070.0,6.045000000000001,1992
Costa Rica,3342.0,8.235833333333334,1993
Costa Rica,3562.0,6.732499999999999,1994
Costa Rica,3672.0,6.598333333333333,1995
Costa Rica,3639.0,7.905,1996
Costa Rica,3827.0,6.719166666666666,1997
Costa Rica,4046.0,7.674166666666667,1998
Costa Rica,4115.0,7.088333333333334,1999
Costa Rica,4233.0,7.357499999999998,2000
Costa Rica,4412.0,6.335833333333333,2001
Costa Rica,4485.0,7.968333333333335,2002
Costa Rica,4583.0,9.656666666666666,2003
Costa Rica,4850.0,8.393333333333334,2004
Costa Rica,5133.0,6.560833333333334,2005
Costa Rica,5716.0,8.402500000000002,2006
Costa Rica,6661.0,6.279166666666668,2007
Costa Rica,7517.0,6.022499999999998,2008
Costa Rica,7403.0,6.447500000000001,2009
Costa Rica,8906.0,7.029166666666668,2010
Costa Rica,9978.0,7.485833333333335,2011
Costa Rica,10832.0,6.7299999999999995,2012
Costa Rica,11443.0,7.438333333333333,2013
Costa Rica,11485.0,5.904166666666666,2014
Croatia,4978.0,25.461666666666662,1995
Croatia,5610.0,27.899166666666662,1996
Croatia,5546.0,26.141666666666666,1997
Croatia,6015.0,28.691666666666674,1998
Croatia,5459.0,27.273333333333337,1999
Croatia,5288.0,26.895833333333332,2000
Croatia,5571.0,23.96166666666667,2001
Croatia,6373.0,25.343333333333334,2002
Croatia,8202.0,23.47416666666666,2003
Croatia,9829.0,25.186666666666667,2004
Croatia,10722.0,22.46416666666666,2005
Croatia,11914.0,20.684999999999995,2006
Croatia,14204.0,20.2875,2007
Croatia,16680.0,22.14083333333333,2008
Croatia,14872.0,21.190833333333334,2009
Croatia,14232.0,20.164166666666667,2010
Croatia,14890.0,18.425833333333333,2011
Croatia,13952.0,19.9175,2012
Croatia,14362.0,17.524999999999995,2013
Croatia,14299.0,18.503333333333334,2014
Croatia,12351.0,19.139999999999997,2015
Croatia,12905.0,21.355999999999998,2016
Cuba,2227.0,30.809166666666666,1992
Cuba,2236.0,32.744166666666665,1993
Cuba,2820.0,30.275833333333335,1994
Cuba,2993.0,29.396666666666672,1995
Cuba,2443.0,26.352500000000006,1996
Cuba,2472.0,26.45,1997
Cuba,2497.0,27.24833333333333,1998
Cuba,2741.0,25.510000000000005,1999
Cuba,2940.0,22.730833333333337,2000
Cuba,3037.0,20.375833333333333,2001
Cuba,3205.0,20.035000000000004,2002
Cuba,3409.0,18.426666666666666,2003
Cuba,3611.0,18.01,2004
Cuba,4017.0,17.161666666666665,2005
Cuba,4951.0,16.879166666666663,2006
Cuba,5488.0,15.68166666666667,2007
Cuba,5686.0,15.91583333333333,2008
Cuba,5797.0,16.777499999999996,2009
Cuba,5997.0,16.84416666666667,2010
Cuba,6419.0,17.254166666666666,2011
Cuba,6791.0,17.0,2012
Cuba,7148.0,15.871666666666664,2013
Cuba,7459.0,15.38583333333333,2014
Cuba,8044.0,16.1925,2015
Cyprus,12389.0,0.13083333333333333,1999
Cyprus,11635.0,0.6966666666666667,2000
Cyprus,25227.0,0.7641666666666665,2004
Cyprus,26671.0,2.061666666666666,2005
Cyprus,28600.0,2.3033333333333332,2006
Cyprus,33048.0,3.0141666666666667,2007
Cyprus,37267.0,4.9225,2008
Cyprus,33816.0,4.6275,2009
Cyprus,32477.0,4.906666666666666,2010
Cyprus,34249.0,3.6483333333333334,2011
Cyprus,30752.0,3.5749999999999993,2012
Cyprus,29624.0,5.384166666666668,2013
Cyprus,29024.0,4.758333333333334,2014
Cyprus,24718.0,4.132499999999999,2015
Cyprus,25098.0,4.714999999999999,2016
Czech Republic,4168.0,26.185,1990
Czech Republic,3070.0,24.334166666666665,1991
Czech Republic,3573.0,25.2675,1992
Czech Republic,4186.0,24.80333333333333,1993
Czech Republic,4891.0,24.44,1994
Czech Republic,6134.0,22.03333333333333,1995
Czech Republic,6861.0,20.29,1996
Czech Republic,6314.0,19.510833333333334,1997
Czech Republic,6779.0,18.891666666666666,1998
Czech Republic,6606.0,19.74416666666667,1999
Czech Republic,6278.0,18.886666666666667,2000
Czech Republic,6863.0,18.41,2001
Czech Republic,8399.0,17.679166666666664,2002
Czech Republic,10220.0,19.573333333333338,2003
Czech Republic,12226.0,16.918333333333333,2004
Czech Republic,13961.0,16.116666666666664,2005
Czech Republic,15896.0,14.866666666666667,2006
Czech Republic,19273.0,14.231666666666667,2007
Czech Republic,23811.0,14.584166666666663,2008
Czech Republic,20748.0,14.975833333333329,2009
Czech Republic,20862.0,14.635,2010
Czech Republic,23010.0,15.519999999999998,2011
Czech Republic,20898.0,16.3525,2012
Czech Republic,21073.0,15.505833333333335,2013
Czech Republic,20859.0,14.607499999999995,2014
Czech Republic,18703.0,14.239166666666664,2015
Czech Republic,19505.0,16.176,2016
Denmark,32034.0,21.10166666666667,1994
Denmark,37841.0,19.927500000000006,1995
Denmark,38158.0,19.13,1996
Denmark,35148.0,18.205000000000002,1997
Denmark,35710.0,15.723333333333334,1998
Denmark,35763.0,15.257500000000002,1999
Denmark,32841.0,15.089166666666669,2000
Denmark,32837.0,15.514166666666668,2001
Denmark,35435.0,14.709166666666668,2002
Denmark,43129.0,13.058333333333332,2003
Denmark,49552.0,13.481666666666667,2004
Denmark,51960.0,13.685833333333333,2005
Denmark,55354.0,13.506666666666668,2006
Denmark,62229.0,11.663333333333332,2007
Denmark,68447.0,11.920833333333333,2008
Denmark,61863.0,12.058333333333332,2009
Denmark,61711.0,10.835,2010
Denmark,65598.0,10.5275,2011
Denmark,62071.0,11.934166666666664,2012
Denmark,64831.0,11.212499999999999,2013
Denmark,66114.0,11.4775,2014
Denmark,55972.0,10.118333333333334,2015
Dominica,1485.0,0.0,1985
Ecuador,2238.0,6.876666666666665,1985
Ecuador,1943.0,6.378333333333334,1986
Ecuador,1669.0,5.210833333333333,1987
Ecuador,1519.0,6.274166666666666,1988
Ecuador,1619.0,5.864999999999999,1989
Ecuador,1732.0,5.04,1990
Ecuador,1869.0,5.579999999999999,1991
Ecuador,1955.0,6.316666666666667,1992
Ecuador,1996.0,5.909166666666668,1993
Ecuador,2335.0,5.639166666666667,1994
Ecuador,2453.0,5.685,1995
Ecuador,2474.0,6.361666666666668,1996
Ecuador,2701.0,5.585,1997
Ecuador,2626.0,5.1725,1998
Ecuador,1805.0,5.994166666666666,1999
Ecuador,1650.0,4.764166666666667,2000
Ecuador,2160.0,5.603333333333333,2001
Ecuador,2472.0,5.118333333333333,2002
Ecuador,2755.0,5.88,2003
Ecuador,3051.0,7.032499999999999,2004
Ecuador,3397.0,8.060833333333335,2005
Ecuador,3759.0,7.7558333333333325,2006
Ecuador,4024.0,7.9975,2007
Ecuador,4787.0,7.940833333333333,2008
Ecuador,4762.0,7.854166666666667,2009
Ecuador,5206.0,6.790833333333332,2010
Ecuador,5836.0,6.816666666666666,2011
Ecuador,6364.0,7.0733333333333315,2012
Ecuador,6769.0,5.240000000000001,2013
Ecuador,7116.0,5.501666666666668,2014
Ecuador,6832.0,8.115833333333333,2015
El Salvador,1068.0,15.371666666666668,1990
El Salvador,1148.0,14.274999999999999,1991
El Salvador,1266.0,10.051666666666666,1992
El Salvador,1423.0,10.3075,1993
El Salvador,1845.0,13.265833333333335,1995
El Salvador,1959.0,12.09666666666667,1996
El Salvador,2065.0,11.66666666666667,1997
El Salvador,2185.0,10.235833333333332,1998
El Salvador,2229.0,10.663333333333334,1999
El Salvador,2303.0,9.2125,2000
El Salvador,2373.0,10.809166666666664,2001
El Salvador,2421.0,9.4325,2002
El Salvador,2507.0,10.743333333333332,2003
El Salvador,2573.0,9.296666666666665,2004
El Salvador,2733.0,9.644166666666669,2005
El Salvador,2947.0,8.297500000000001,2006
El Salvador,3111.0,10.595000000000002,2007
El Salvador,3271.0,10.485,2008
El Salvador,3184.0,10.343333333333334,2009
El Salvador,3318.0,8.16,2010
El Salvador,3631.0,9.621666666666668,2011
El Salvador,3806.0,10.261666666666667,2012
El Salvador,3885.0,9.671666666666665,2013
El Salvador,3965.0,8.486666666666666,2014
Estonia,3224.0,45.26583333333332,1995
Estonia,3536.0,44.06,1996
Estonia,3806.0,41.83833333333333,1997
Estonia,4250.0,35.62666666666666,1998
Estonia,4361.0,40.53916666666667,1999
Estonia,4262.0,30.386666666666667,2000
Estonia,4711.0,30.97333333333334,2001
Estonia,5561.0,29.85833333333333,2002
Estonia,7523.0,28.18666666666667,2003
Estonia,9293.0,24.954999999999995,2004
Estonia,10870.0,21.36916666666667,2005
Estonia,13264.0,20.219166666666666,2006
Estonia,17504.0,22.087500000000002,2007
Estonia,19141.0,20.380833333333335,2008
Estonia,15609.0,20.722499999999997,2009
Estonia,15540.0,19.08916666666667,2010
Estonia,18545.0,19.105,2011
Estonia,18411.0,20.13416666666667,2012
Estonia,20221.0,19.326666666666668,2013
Estonia,21117.0,21.575833333333332,2014
Estonia,18149.0,17.115,2015
Fiji,2307.0,4.579166666666667,2001
Fiji,2548.0,9.211666666666666,2002
Fiji,3192.0,1.3433333333333335,2003
Fiji,3744.0,7.540833333333334,2004
Fiji,4104.0,4.4025,2005
Fiji,4206.0,2.5641666666666665,2006
Fiji,4570.0,1.705,2007
Fiji,4675.0,3.956666666666667,2008
Fiji,3765.0,4.305833333333333,2009
Fiji,4862.0,8.914166666666667,2011
Fiji,5073.0,7.631666666666667,2012
Finland,19861.0,28.945833333333336,1987
Finland,23546.0,29.50333333333333,1988
Finland,25582.0,31.11333333333334,1989
Finland,30271.0,33.01833333333334,1990
Finland,27214.0,31.464999999999993,1991
Finland,23857.0,29.155833333333334,1992
Finland,18826.0,27.75,1993
Finland,21699.0,27.52,1994
Finland,28068.0,27.080000000000002,1995
Finland,27508.0,24.1375,1996
Finland,26296.0,25.8625,1997
Finland,27646.0,25.11916666666667,1998
Finland,27800.0,23.592499999999998,1999
Finland,25716.0,22.137499999999992,2000
Finland,26383.0,22.265833333333337,2001
Finland,28390.0,21.293333333333337,2002
Finland,34701.0,20.2875,2003
Finland,39793.0,20.329166666666666,2004
Finland,41202.0,19.209999999999997,2005
Finland,43487.0,19.48333333333333,2006
Finland,51089.0,18.590000000000003,2007
Finland,56521.0,18.357499999999998,2008
Finland,49878.0,19.04083333333333,2009
Finland,48939.0,17.934166666666666,2010
Finland,53809.0,16.967499999999998,2011
Finland,50232.0,15.584166666666667,2012
Finland,52572.0,16.4025,2013
Finland,52832.0,14.763333333333337,2014
Finland,44862.0,13.432499999999997,2015
France,10765.0,29.075000000000003,1985
France,14940.0,29.31416666666667,1986
France,17999.0,27.585833333333337,1987
France,19534.0,26.060000000000006,1988
France,19558.0,26.04416666666667,1989
France,23968.0,25.227500000000006,1990
France,23821.0,24.84166666666667,1991
France,26136.0,25.122500000000002,1992
France,24521.0,26.0575,1993
France,25697.0,24.995833333333326,1994
France,29363.0,24.384999999999994,1995
France,29305.0,22.601666666666663,1996
France,26394.0,22.194166666666664,1997
France,27190.0,21.137500000000003,1998
France,27118.0,20.485833333333336,1999
France,24648.0,21.435833333333335,2000
France,24796.0,19.995,2001
France,26714.0,19.886666666666663,2002
France,32656.0,20.109166666666663,2003
France,37240.0,19.37583333333333,2004
France,38420.0,19.340833333333332,2005
France,40097.0,18.38583333333333,2006
France,45682.0,17.8075,2007
France,49901.0,18.0175,2008
France,45775.0,18.02,2009
France,44747.0,17.5975,2010
France,48217.0,17.598333333333336,2011
France,45002.0,16.581666666666663,2012
France,46922.0,16.0275,2013
France,47318.0,14.963333333333333,2014
Georgia,1555.0,5.369166666666666,1990
Georgia,1267.0,4.420833333333333,1991
Georgia,740.0,5.039999999999999,1992
Georgia,556.0,3.108333333333334,1994
Georgia,611.0,3.3949999999999996,1995
Georgia,718.0,4.9750000000000005,1996
Georgia,828.0,5.054166666666667,1997
Georgia,858.0,4.108333333333333,1998
Georgia,669.0,5.714999999999999,1999
Georgia,734.0,3.886666666666667,2000
Georgia,777.0,2.9324999999999997,2001
Georgia,1253.0,5.545000000000001,2004
Georgia,1552.0,2.363333333333333,2005
Georgia,1859.0,1.9591666666666665,2006
Georgia,2448.0,3.0491666666666677,2007
Georgia,2589.0,5.421666666666666,2009
Georgia,2775.0,2.8608333333333333,2010
Georgia,3435.0,3.025833333333333,2011
Georgia,3772.0,2.9066666666666667,2012
Georgia,3850.0,4.630833333333333,2013
Georgia,4757.0,6.207499999999999,2014
Georgia,4046.0,7.0566666666666675,2015
Germany,23546.0,21.620833333333334,1990
Germany,24662.0,21.50916666666667,1991
Germany,27888.0,20.83666666666667,1992
Germany,26937.0,19.625000000000004,1993
Germany,28588.0,19.232499999999998,1994
Germany,33420.0,19.465,1995
Germany,32147.0,18.035,1996
Germany,28420.0,17.58,1997
Germany,28733.0,16.70916666666667,1998
Germany,28154.0,15.770000000000003,1999
Germany,24922.0,15.462500000000004,2000
Germany,24874.0,15.481666666666664,2001
Germany,26441.0,15.330000000000004,2002
Germany,31816.0,15.103333333333332,2003
Germany,35772.0,14.3525,2004
Germany,36289.0,13.457499999999998,2005
Germany,38088.0,12.71,2006
Germany,43667.0,12.21,2007
Germany,47702.0,12.12666666666667,2008
Germany,43570.0,12.12666666666667,2009
Germany,43614.0,12.680833333333334,2010
Germany,47947.0,12.735,2011
Germany,45142.0,12.359166666666665,2012
Germany,48563.0,12.756666666666668,2013
Germany,50167.0,12.75333333333333,2014
Germany,43201.0,12.528333333333334,2015
Greece,5156.0,4.847499999999999,1985
Greece,6040.0,5.100833333333333,1986
Greece,6994.0,5.255,1987
Greece,8070.0,5.01,1988
Greece,8310.0,4.5441666666666665,1989
Greece,10179.0,4.290833333333333,1990
Greece,10816.0,4.5474999999999985,1991
Greece,11818.0,4.077500000000001,1992
Greece,10957.0,4.425,1993
Greece,11638.0,3.9033333333333338,1994
Greece,13550.0,4.14,1995
Greece,14330.0,3.760833333333334,1996
Greece,13968.0,3.9716666666666662,1997
Greece,14008.0,4.0225,1998
Greece,13756.0,3.811666666666666,1999
Greece,12509.0,3.7383333333333333,2000
Greece,13043.0,3.2341666666666673,2001
Greece,14676.0,3.1958333333333333,2002
Greece,19202.0,3.3891666666666667,2003
Greece,22804.0,3.41,2004
Greece,23414.0,3.8775,2005
Greece,25739.0,3.784166666666667,2006
Greece,29896.0,2.825833333333333,2007
Greece,33168.0,3.358333333333334,2008
Greece,30785.0,3.414166666666667,2009
Greece,27886.0,3.325000000000001,2010
Greece,26825.0,4.056666666666666,2011
Greece,23309.0,4.4433333333333325,2012
Greece,22994.0,4.5925,2013
Greece,22834.0,4.985000000000001,2014
Greece,18927.0,4.671666666666666,2015
Grenada,1965.0,2.09,1985
Grenada,2707.0,3.9000000000000004,1988
Grenada,3268.0,5.424166666666667,1989
Grenada,3391.0,2.0625,1990
Grenada,3650.0,0.0,1991
Grenada,3713.0,0.0,1992
Grenada,3632.0,2.8508333333333336,1993
Grenada,3735.0,5.068333333333333,1994
Grenada,3869.0,4.329166666666667,1995
Grenada,4087.0,0.9966666666666667,1996
Grenada,5693.0,0.0,2001
Grenada,5879.0,0.0,2002
Grenada,6385.0,5.765000000000001,2003
Grenada,6428.0,1.1141666666666665,2004
Grenada,7422.0,13.401666666666669,2005
Grenada,7423.0,0.8241666666666667,2006
Grenada,8035.0,4.028333333333333,2007
Grenada,8733.0,0.0,2008
Grenada,8140.0,0.0,2009
Grenada,8118.0,0.0,2010
Grenada,8188.0,1.7275,2011
Grenada,8382.0,1.5008333333333332,2012
Grenada,8789.0,0.0,2013
Grenada,9456.0,0.0,2014
Grenada,10290.0,0.0,2015
Grenada,10838.0,0.0,2016
Guatemala,1044.0,3.569999999999999,1986
Guatemala,997.0,4.826666666666666,1987
Guatemala,1074.0,3.936666666666666,1988
Guatemala,1122.0,2.9358333333333335,1989
Guatemala,996.0,2.8391666666666673,1990
Guatemala,1194.0,2.793333333333333,1991
Guatemala,1294.0,3.1875,1992
Guatemala,1381.0,2.5975,1993
Guatemala,1538.0,2.158333333333333,1994
Guatemala,1696.0,2.8441666666666667,1995
Guatemala,1775.0,2.5041666666666664,1996
Guatemala,1967.0,2.209166666666667,1997
Guatemala,2091.0,3.088333333333333,1998
Guatemala,1926.0,3.0416666666666665,1999
Guatemala,1977.0,2.2849999999999997,2000
Guatemala,1867.0,2.549166666666667,2001
Guatemala,2022.0,3.3774999999999995,2002
Guatemala,2079.0,3.1116666666666677,2003
Guatemala,2215.0,2.494166666666666,2004
Guatemala,2450.0,2.7175,2005
Guatemala,2653.0,3.4958333333333336,2006
Guatemala,2914.0,3.355833333333333,2007
Guatemala,3252.0,4.5633333333333335,2008
Guatemala,3053.0,4.7975,2009
Guatemala,3260.0,2.9525,2010
Guatemala,3661.0,2.890833333333333,2011
Guatemala,3779.0,3.483333333333334,2012
Guatemala,3947.0,3.3908333333333336,2013
Guatemala,4210.0,3.8233333333333337,2014
Guatemala,4472.0,3.7375000000000003,2015
Guyana,632.0,7.660000000000001,1988
Guyana,581.0,15.406666666666668,1989
Guyana,607.0,14.755000000000003,1990
Guyana,514.0,19.403333333333332,1991
Guyana,561.0,15.179166666666667,1992
Guyana,671.0,9.734166666666667,1993
Guyana,819.0,13.516666666666667,1994
Guyana,939.0,17.393333333333334,1995
Guyana,1070.0,10.6925,1996
Guyana,1139.0,6.887500000000002,1997
Guyana,1092.0,5.405,1998
Guyana,1057.0,26.135,1999
Guyana,1054.0,31.73,2001
Guyana,1090.0,25.99416666666667,2002
Guyana,1116.0,31.87833333333333,2003
Guyana,1180.0,33.333333333333336,2004
Guyana,1235.0,27.83000000000001,2005
Guyana,2182.0,32.88333333333335,2006
Guyana,2602.0,31.14583333333333,2007
Guyana,2873.0,29.46833333333333,2008
Guyana,3076.0,25.148333333333337,2009
Guyana,3384.0,33.589166666666664,2010
Guyana,3815.0,29.127499999999994,2011
Guyana,4212.0,30.664999999999996,2012
Guyana,4372.0,29.698333333333338,2013
Hungary,3561.0,47.91666666666668,1991
Hungary,3970.0,47.52166666666667,1992
Hungary,4116.0,44.93999999999999,1993
Hungary,4431.0,44.65083333333333,1994
Hungary,4767.0,41.11833333333334,1995
Hungary,4792.0,40.22833333333333,1996
Hungary,4856.0,39.20333333333334,1997
Hungary,5010.0,36.39833333333333,1998
Hungary,5147.0,40.32333333333333,1999
Hungary,4966.0,38.71333333333333,2000
Hungary,5546.0,34.08166666666667,2001
Hungary,6995.0,31.89583333333333,2002
Hungary,8840.0,31.003333333333327,2003
Hungary,10806.0,30.789166666666663,2004
Hungary,11764.0,29.33416666666666,2005
Hungary,12021.0,26.055000000000003,2006
Hungary,14609.0,27.27666666666667,2007
Hungary,16540.0,27.639999999999997,2008
Hungary,13697.0,25.89333333333333,2009
Hungary,13761.0,26.775833333333328,2010
Hungary,14827.0,24.9875,2011
Hungary,13525.0,25.496666666666666,2012
Hungary,14333.0,22.18583333333333,2013
Hungary,14886.0,20.359166666666663,2014
Hungary,13087.0,21.43916666666666,2015
Hungary,13448.0,24.134,2016
Iceland,13357.0,14.254166666666665,1985
Iceland,17681.0,17.924999999999997,1986
Iceland,24107.0,17.495,1987
Iceland,26249.0,13.998333333333335,1988
Iceland,24089.0,9.176666666666668,1989
Iceland,27316.0,15.025833333333336,1990
Iceland,28857.0,16.644166666666663,1991
Iceland,29311.0,10.240833333333335,1992
Iceland,25474.0,9.084999999999999,1993
Iceland,25937.0,10.453333333333331,1994
Iceland,28680.0,10.805,1995
Iceland,29740.0,14.779166666666669,1996
Iceland,30326.0,13.668333333333337,1997
Iceland,33513.0,11.757499999999999,1998
Iceland,34858.0,10.743333333333332,1999
Iceland,34372.0,17.3325,2000
Iceland,30850.0,13.588333333333333,2001
Iceland,34556.0,10.936666666666667,2002
Iceland,42174.0,8.414166666666668,2003
Iceland,50528.0,14.067500000000003,2004
Iceland,60712.0,9.583333333333334,2005
Iceland,60243.0,8.865833333333335,2006
Iceland,73590.0,13.607500000000002,2007
Iceland,59489.0,11.340833333333334,2008
Iceland,43700.0,10.310833333333335,2009
Iceland,45179.0,15.355833333333335,2010
Iceland,49861.0,7.745833333333333,2011
Iceland,48083.0,12.117500000000001,2012
Iceland,51749.0,18.436666666666667,2013
Iceland,56833.0,16.496666666666666,2014
Iceland,54909.0,11.720833333333333,2015
Iceland,64708.0,13.806999999999999,2016
Ireland,6638.0,8.513333333333332,1985
Ireland,8937.0,8.740000000000002,1986
Ireland,10515.0,7.951666666666668,1987
Ireland,11696.0,9.436666666666666,1988
Ireland,12188.0,9.213333333333333,1989
Ireland,15312.0,10.473333333333334,1990
Ireland,15328.0,10.544166666666666,1991
Ireland,17051.0,11.489166666666668,1992
Ireland,15872.0,9.762500000000001,1993
Ireland,17188.0,11.901666666666666,1994
Ireland,20689.0,11.986666666666666,1995
Ireland,22478.0,12.128333333333332,1996
Ireland,24259.0,13.012500000000001,1997
Ireland,26115.0,13.514166666666668,1998
Ireland,28344.0,11.768333333333336,1999
Ireland,28340.0,11.863333333333335,2000
Ireland,30536.0,12.414166666666667,2001
Ireland,35154.0,11.318333333333333,2002
Ireland,44473.0,11.230833333333331,2003
Ireland,51662.0,10.784999999999998,2004
Ireland,55213.0,10.0925,2005
Ireland,58941.0,10.538333333333334,2006
Ireland,67032.0,10.1475,2007
Ireland,67173.0,10.796666666666665,2008
Ireland,57390.0,11.052500000000002,2009
Ireland,52042.0,10.025,2010
Ireland,56655.0,11.548333333333332,2011
Ireland,53443.0,11.471666666666666,2012
Ireland,56628.0,9.784166666666666,2013
Ireland,59634.0,9.973333333333333,2014
Israel,7325.0,9.335833333333332,1985
Israel,8938.0,10.85666666666667,1986
Israel,10558.0,11.134166666666667,1987
Israel,12687.0,10.346666666666666,1988
Israel,12405.0,14.19333333333333,1989
Israel,14193.0,10.188333333333333,1990
Israel,15267.0,11.61166666666667,1991
Israel,16469.0,10.9125,1992
Israel,16102.0,11.435833333333333,1993
Israel,17814.0,12.490833333333333,1994
Israel,20159.0,10.619166666666665,1995
Israel,21545.0,9.209166666666667,1996
Israel,21921.0,10.548333333333332,1997
Israel,21637.0,8.342500000000001,1998
Israel,21319.0,8.548333333333334,1999
Israel,23451.0,9.046666666666669,2000
Israel,22623.0,9.019166666666669,2001
Israel,20536.0,7.790833333333334,2002
Israel,21133.0,8.0975,2003
Israel,22168.0,8.203333333333331,2004
Israel,22901.0,8.575833333333334,2005
Israel,24306.0,6.71,2006
Israel,27712.0,6.139166666666665,2007
Israel,32874.0,7.2775000000000025,2008
Israel,30812.0,6.6933333333333325,2009
Israel,34104.0,8.289166666666668,2010
Israel,37528.0,7.284166666666668,2011
Israel,36263.0,6.982499999999998,2012
Israel,40477.0,6.184166666666667,2013
Israel,41869.0,5.938333333333335,2014
Israel,39793.0,5.4925,2015
Italy,8329.0,11.116666666666667,1985
Italy,11762.0,10.920833333333334,1986
Italy,14756.0,10.461666666666668,1987
Italy,16282.0,10.150833333333333,1988
Italy,16922.0,9.719999999999997,1989
Italy,21472.0,10.165000000000001,1990
Italy,22805.0,9.655833333333332,1991
Italy,24297.0,9.623333333333333,1992
Italy,19605.0,10.095,1993
Italy,20235.0,9.910833333333333,1994
Italy,21625.0,9.834166666666668,1995
Italy,24172.0,9.620833333333335,1996
Italy,22869.0,9.753333333333336,1997
Italy,23342.0,9.486666666666668,1998
Italy,23002.0,8.31,1999
Italy,21027.0,8.268333333333333,2000
Italy,21392.0,7.989166666666667,2001
Italy,23227.0,7.884166666666666,2002
Italy,28572.0,7.868333333333331,2003
Italy,32704.0,7.610833333333335,2004
Italy,33536.0,6.882499999999999,2005
Italy,34578.0,6.800833333333334,2006
Italy,38935.0,6.830000000000003,2007
Italy,41935.0,6.807499999999998,2008
Italy,38101.0,6.827499999999998,2009
Italy,36869.0,6.730833333333334,2010
Italy,40210.0,7.173333333333333,2011
Italy,36497.0,7.120833333333334,2012
Italy,37050.0,7.071666666666666,2013
Italy,37035.0,6.844166666666669,2014
Italy,31537.0,6.5375000000000005,2015
Jamaica,1032.0,0.7533333333333334,1985
Jamaica,1342.0,0.047499999999999994,1986
Jamaica,1587.0,0.6483333333333334,1987
Jamaica,1831.0,0.35000000000000003,1988
Jamaica,2087.0,0.0,1989
Jamaica,2155.0,0.11,1990
Jamaica,1889.0,0.075,1991
Jamaica,3795.0,0.09666666666666666,2000
Jamaica,3838.0,0.23333333333333336,2001
Jamaica,4013.0,0.05833333333333333,2002
Jamaica,3852.0,0.07583333333333332,2003
Jamaica,4119.0,0.06166666666666667,2004
Jamaica,4505.0,2.1808333333333327,2005
Jamaica,4738.0,0.0,2006
Jamaica,4686.0,1.760833333333333,2009
Jamaica,5100.0,0.09666666666666666,2010
Jamaica,5552.0,2.3216666666666668,2011
Japan,12401.0,25.039166666666663,1985
Japan,18288.0,26.962500000000002,1986
Japan,22137.0,24.6075,1987
Japan,26687.0,23.726666666666663,1988
Japan,26389.0,21.951666666666664,1989
Japan,26949.0,20.530833333333334,1990
Japan,30688.0,19.5425,1991
Japan,33320.0,20.023333333333337,1992
Japan,37832.0,18.674999999999997,1993
Japan,41563.0,19.07916666666667,1994
Japan,46043.0,19.01083333333333,1995
Japan,40693.0,19.040000000000003,1996
Japan,37080.0,19.781666666666666,1997
Japan,33791.0,25.549999999999997,1998
Japan,38164.0,24.908333333333335,1999
Japan,40813.0,23.210000000000004,2000
Japan,35843.0,22.263333333333335,2001
Japan,34239.0,22.153333333333332,2002
Japan,36926.0,23.28416666666666,2003
Japan,39960.0,22.187499999999996,2004
Japan,39412.0,22.240833333333327,2005
Japan,37534.0,21.853333333333335,2006
Japan,37408.0,22.39666666666666,2007
Japan,41773.0,22.11,2008
Japan,43415.0,22.224166666666665,2009
Japan,47059.0,21.29,2010
Japan,50919.0,21.034166666666668,2011
Japan,51379.0,19.475,2012
Japan,42781.0,19.263333333333335,2013
Japan,40328.0,18.184166666666666,2014
Japan,36510.0,17.169999999999998,2015
Kazakhstan,1823.0,27.84333333333333,1990
Kazakhstan,1664.0,26.554999999999996,1991
Kazakhstan,1644.0,26.96083333333333,1992
Kazakhstan,1527.0,31.37416666666667,1993
Kazakhstan,1395.0,34.55666666666667,1994
Kazakhstan,1359.0,37.88916666666667,1995
Kazakhstan,1452.0,37.736666666666665,1996
Kazakhstan,1540.0,36.14500000000001,1997
Kazakhstan,1599.0,36.71,1998
Kazakhstan,1225.0,33.9775,1999
Kazakhstan,1328.0,35.50416666666666,2000
Kazakhstan,1608.0,35.207499999999996,2001
Kazakhstan,1788.0,33.82416666666666,2002
Kazakhstan,2232.0,34.30916666666666,2003
Kazakhstan,3110.0,34.48833333333333,2004
Kazakhstan,4096.0,29.816666666666674,2005
Kazakhstan,5770.0,31.227499999999996,2006
Kazakhstan,7423.0,31.30250000000001,2007
Kazakhstan,9387.0,30.57833333333333,2008
Kazakhstan,8024.0,27.50583333333334,2009
Kazakhstan,10062.0,26.73416666666667,2010
Kazakhstan,12969.0,24.48,2011
Kazakhstan,13845.0,22.584999999999997,2012
Kazakhstan,15552.0,24.7225,2013
Kazakhstan,14351.0,21.424166666666665,2014
Kazakhstan,11784.0,19.834999999999997,2015
Kiribati,768.0,15.128333333333332,1991
Kiribati,759.0,6.815,1992
Kiribati,735.0,17.018333333333334,1993
Kiribati,845.0,12.533333333333333,1994
Kiribati,855.0,4.725833333333333,1995
Kiribati,991.0,6.445833333333334,1996
Kiribati,988.0,6.338333333333334,1997
Kiribati,939.0,4.204166666666667,1998
Kiribati,973.0,0.0,1999
Kiribati,928.0,0.0,2000
Kiribati,854.0,0.0,2001
Kuwait,14607.0,0.9333333333333335,1985
Kuwait,11661.0,0.7283333333333334,1986
Kuwait,13924.0,0.9558333333333334,1987
Kuwait,18798.0,1.0841666666666665,1993
Kuwait,17161.0,1.5391666666666666,1994
Kuwait,17995.0,1.0616666666666668,1995
Kuwait,20076.0,1.5275,1996
Kuwait,18766.0,1.6616666666666664,1997
Kuwait,14209.0,1.350833333333333,1998
Kuwait,15864.0,1.4016666666666666,1999
Kuwait,19112.0,1.2691666666666668,2000
Kuwait,17116.0,0.7608333333333333,2001
Kuwait,17668.0,1.2133333333333334,2002
Kuwait,24544.0,1.37,2003
Kuwait,29778.0,1.4383333333333335,2004
Kuwait,39166.0,1.515,2005
Kuwait,46890.0,1.3191666666666666,2006
Kuwait,37283.0,1.085,2007
Kuwait,43746.0,0.98,2008
Kuwait,33453.0,1.2341666666666669,2009
Kuwait,35171.0,0.8366666666666666,2010
Kuwait,46203.0,0.9508333333333332,2011
Kuwait,49781.0,1.2991666666666666,2012
Kuwait,48729.0,0.8233333333333333,2013
Kuwait,43774.0,1.3216666666666665,2014
Kyrgyzstan,715.0,20.589166666666667,1990
Kyrgyzstan,677.0,20.549166666666668,1991
Kyrgyzstan,603.0,18.451666666666664,1992
Kyrgyzstan,528.0,21.56583333333333,1993
Kyrgyzstan,437.0,21.1925,1994
Kyrgyzstan,425.0,19.980833333333333,1995
Kyrgyzstan,459.0,17.211666666666662,1996
Kyrgyzstan,435.0,15.904166666666667,1997
Kyrgyzstan,398.0,15.411666666666669,1998
Kyrgyzstan,291.0,15.953333333333333,1999
Kyrgyzstan,313.0,15.219166666666666,2000
Kyrgyzstan,345.0,16.10833333333333,2001
Kyrgyzstan,359.0,14.425833333333332,2002
Kyrgyzstan,424.0,11.488333333333335,2003
Kyrgyzstan,484.0,11.777499999999998,2004
Kyrgyzstan,533.0,11.290000000000001,2005
Kyrgyzstan,610.0,12.165833333333333,2006
Kyrgyzstan,814.0,10.490833333333335,2007
Kyrgyzstan,1096.0,11.33,2008
Kyrgyzstan,977.0,9.44,2009
Kyrgyzstan,991.0,11.933333333333332,2010
Kyrgyzstan,1273.0,10.574166666666668,2011
Kyrgyzstan,1339.0,11.72166666666667,2012
Kyrgyzstan,1463.0,9.153333333333334,2013
Kyrgyzstan,1465.0,9.315833333333336,2014
Kyrgyzstan,1285.0,8.1975,2015
Latvia,2438.0,45.46833333333333,1995
Latvia,2526.0,41.00083333333334,1996
Latvia,2771.0,41.04749999999999,1997
Latvia,3061.0,36.82000000000001,1998
Latvia,3228.0,35.034166666666664,1999
Latvia,3494.0,37.766666666666666,2000
Latvia,3724.0,31.957500000000007,2001
Latvia,4311.0,30.646666666666665,2002
Latvia,5364.0,30.135833333333338,2003
Latvia,6644.0,27.365,2004
Latvia,7916.0,26.005,2005
Latvia,10139.0,24.075,2006
Latvia,14758.0,24.64583333333334,2007
Latvia,17217.0,26.97416666666666,2008
Latvia,12890.0,25.64999999999999,2009
Latvia,11951.0,21.611666666666668,2010
Latvia,14447.0,24.0625,2011
Latvia,14558.0,22.30666666666666,2012
Latvia,15820.0,20.1825,2013
Latvia,16544.0,20.73416666666667,2014
Latvia,14382.0,20.955833333333338,2015
Lithuania,2324.0,53.275,1995
Lithuania,2484.0,49.634166666666665,1996
Lithuania,3008.0,47.12000000000001,1997
Lithuania,3354.0,47.196666666666665,1998
Lithuania,3292.0,46.794166666666676,1999
Lithuania,3481.0,47.65,2000
Lithuania,3719.0,47.41499999999999,2001
Lithuania,4360.0,46.30166666666665,2002
Lithuania,5778.0,44.21000000000001,2003
Lithuania,7028.0,41.9475,2004
Lithuania,8229.0,40.482499999999995,2005
Lithuania,9667.0,33.380833333333335,2006
Lithuania,12869.0,33.899166666666666,2007
Lithuania,15669.0,35.8375,2008
Lithuania,12412.0,36.42250000000001,2009
Lithuania,12584.0,32.93666666666666,2010
Lithuania,15097.0,33.97416666666667,2011
Lithuania,15099.0,31.176666666666666,2012
Lithuania,16538.0,37.046666666666674,2013
Lithuania,17442.0,33.43916666666667,2014
Lithuania,15073.0,32.123333333333335,2015
Lithuania,15742.0,36.172,2016
Luxembourg,13743.0,20.61583333333333,1985
Luxembourg,20004.0,15.254166666666668,1986
Luxembourg,24654.0,20.27,1987
Luxembourg,27676.0,17.625000000000004,1988
Luxembourg,29239.0,21.77666666666667,1989
Luxembourg,36871.0,19.444999999999997,1990
Luxembourg,39465.0,23.402500000000003,1991
Luxembourg,43740.0,19.030833333333337,1992
Luxembourg,44320.0,17.33,1993
Luxembourg,48610.0,23.10333333333334,1994
Luxembourg,56499.0,17.506666666666668,1995
Luxembourg,56169.0,19.10416666666667,1996
Luxembourg,50260.0,25.63333333333333,1997
Luxembourg,50788.0,16.770833333333336,1998
Luxembourg,55054.0,17.665833333333335,1999
Luxembourg,51841.0,18.55333333333333,2000
Luxembourg,51391.0,19.985,2001
Luxembourg,56484.0,22.011666666666667,2002
Luxembourg,69768.0,13.697499999999998,2003
Luxembourg,80639.0,15.794999999999996,2004
Luxembourg,85397.0,13.255833333333335,2005
Luxembourg,95351.0,15.315833333333337,2006
Luxembourg,112581.0,15.324166666666663,2007
Luxembourg,121315.0,9.359166666666665,2008
Luxembourg,109483.0,9.245833333333332,2009
Luxembourg,111328.0,11.763333333333334,2010
Luxembourg,122729.0,11.377499999999998,2011
Luxembourg,113120.0,11.681666666666667,2012
Luxembourg,120423.0,7.623333333333332,2013
Luxembourg,126352.0,12.323333333333332,2014
Luxembourg,107456.0,11.199999999999998,2015
Macau,18081.0,14.31166666666667,1994
Maldives,2524.0,0.0,2000
Maldives,3406.0,9.2075,2001
Maldives,3401.0,0.82,2002
Maldives,3867.0,1.2933333333333332,2003
Maldives,4373.0,0.3116666666666667,2004
Maldives,4026.0,0.22916666666666666,2005
Maldives,6115.0,1.1966666666666668,2007
Maldives,7236.0,0.0,2008
Maldives,7806.0,0.16583333333333333,2010
Maldives,8135.0,0.44916666666666666,2011
Malta,3639.0,0.73,1985
Malta,4544.0,0.30083333333333334,1986
Malta,5517.0,1.5725,1987
Malta,6295.0,2.3841666666666668,1988
Malta,6539.0,7.496666666666669,1989
Malta,7780.0,1.9791666666666667,1990
Malta,8313.0,2.5283333333333338,1991
Malta,9040.0,7.261666666666666,1992
Malta,8022.0,3.9616666666666673,1993
Malta,8775.0,5.390833333333333,1994
Malta,9974.0,3.9183333333333334,1995
Malta,10254.0,3.9525000000000006,1996
Malta,10575.0,5.89,1997
Malta,11103.0,2.5524999999999998,1998
Malta,11607.0,7.646666666666667,1999
Malta,11873.0,6.504166666666666,2000
Malta,11691.0,7.107500000000001,2001
Malta,12524.0,4.6066666666666665,2002
Malta,14444.0,6.245,2003
Malta,15916.0,7.151666666666666,2004
Malta,16648.0,5.661666666666666,2005
Malta,17504.0,7.267500000000001,2006
Malta,20333.0,6.153333333333333,2007
Malta,23007.0,3.2233333333333327,2008
Malta,21695.0,8.926666666666666,2009
Malta,22132.0,6.8424999999999985,2010
Malta,23984.0,3.9583333333333326,2011
Malta,23074.0,4.989166666666667,2012
Malta,25191.0,4.7683333333333335,2013
Malta,27634.0,8.506666666666664,2014
Malta,25750.0,6.522499999999998,2015
Mauritius,1223.0,11.9275,1985
Mauritius,1636.0,2.505833333333334,1986
Mauritius,2073.0,14.328333333333331,1987
Mauritius,2317.0,20.509166666666665,1988
Mauritius,2349.0,17.636666666666674,1989
Mauritius,2820.0,13.598333333333331,1990
Mauritius,3045.0,16.39916666666667,1991
Mauritius,3400.0,16.5825,1992
Mauritius,3405.0,14.582500000000003,1993
Mauritius,3658.0,12.887500000000001,1994
Mauritius,4115.0,15.220833333333333,1995
Mauritius,4444.0,13.844999999999999,1996
Mauritius,4139.0,11.964166666666666,1997
Mauritius,4063.0,12.897499999999999,1998
Mauritius,4117.0,15.503333333333336,1999
Mauritius,4339.0,11.735000000000001,2000
Mauritius,4244.0,10.153333333333332,2001
Mauritius,4415.0,10.991666666666665,2002
Mauritius,5136.0,7.835,2003
Mauritius,5789.0,8.415833333333333,2004
Mauritius,5641.0,8.5425,2005
Mauritius,6246.0,13.64,2006
Mauritius,7179.0,11.7875,2007
Mauritius,8716.0,6.510833333333333,2008
Mauritius,7873.0,8.839166666666667,2009
Mauritius,8587.0,9.319166666666668,2010
Mauritius,9817.0,10.00333333333333,2011
Mauritius,9884.0,9.520833333333334,2012
Mauritius,10572.0,8.139166666666666,2013
Mauritius,11120.0,9.620833333333334,2014
Mauritius,10125.0,8.33083333333333,2015
Mauritius,10570.0,9.93,2016
Mexico,2730.0,3.1808333333333327,1985
Mexico,1873.0,3.811666666666666,1986
Mexico,2064.0,3.4524999999999992,1987
Mexico,2630.0,3.518333333333333,1988
Mexico,3125.0,4.021666666666666,1989
Mexico,3595.0,4.070833333333334,1990
Mexico,4204.0,3.9741666666666666,1991
Mexico,4830.0,4.339166666666667,1992
Mexico,6518.0,4.333333333333333,1993
Mexico,6735.0,4.66,1994
Mexico,4505.0,4.924166666666666,1995
Mexico,4904.0,4.694166666666667,1996
Mexico,5864.0,4.755833333333334,1997
Mexico,6064.0,4.736666666666666,1998
Mexico,6800.0,4.574166666666666,1999
Mexico,7892.0,4.574166666666667,2000
Mexico,8311.0,5.275,2001
Mexico,8357.0,4.863333333333334,2002
Mexico,7779.0,5.25,2003
Mexico,8217.0,5.0625,2004
Mexico,9071.0,5.1850000000000005,2005
Mexico,9906.0,4.9350000000000005,2006
Mexico,10496.0,4.834166666666667,2007
Mexico,10864.0,5.069166666666667,2008
Mexico,8651.0,5.345,2009
Mexico,9991.0,5.084166666666666,2010
Mexico,10965.0,5.46,2011
Mexico,10982.0,5.285833333333334,2012
Mexico,11478.0,5.415833333333334,2013
Mexico,11663.0,5.6983333333333315,2014
Mexico,10228.0,5.547499999999999,2015
Mongolia,4145.0,18.439,2016
Montenegro,1701.0,0.0,2000
Montenegro,2004.0,0.0,2001
Montenegro,2220.0,0.0,2002
Montenegro,2946.0,0.0,2003
Montenegro,3565.0,0.0,2004
Montenegro,3870.0,22.873333333333324,2005
Montenegro,4654.0,0.0,2006
Montenegro,6268.0,27.96083333333333,2007
Montenegro,7705.0,25.674166666666668,2008
Montenegro,7023.0,22.99416666666667,2009
Netherlands,10428.0,13.324166666666665,1985
Netherlands,14479.0,13.190000000000003,1986
Netherlands,17560.0,13.097500000000004,1987
Netherlands,18661.0,12.299999999999997,1988
Netherlands,18310.0,11.334166666666668,1989
Netherlands,22425.0,11.347500000000002,1990
Netherlands,22906.0,12.540833333333333,1991
Netherlands,25205.0,11.957500000000001,1992
Netherlands,24385.0,11.331666666666665,1993
Netherlands,25997.0,11.413333333333334,1994
Netherlands,30850.0,10.418333333333335,1995
Netherlands,30625.0,11.255833333333333,1996
Netherlands,28156.0,11.380833333333333,1997
Netherlands,29351.0,10.708333333333334,1998
Netherlands,29799.0,10.263333333333334,1999
Netherlands,27644.0,9.915833333333333,2000
Netherlands,28366.0,9.691666666666666,2001
Netherlands,30757.0,9.9775,2002
Netherlands,37614.0,9.444166666666666,2003
Netherlands,42614.0,9.263333333333334,2004
Netherlands,44289.0,9.44,2005
Netherlands,47281.0,9.4325,2006
Netherlands,54418.0,8.119999999999997,2007
Netherlands,60375.0,8.507499999999999,2008
Netherlands,54988.0,9.025,2009
Netherlands,53302.0,9.124166666666664,2010
Netherlands,56667.0,9.423333333333332,2011
Netherlands,52334.0,9.875833333333334,2012
Netherlands,54510.0,10.460833333333335,2013
Netherlands,55325.0,10.118333333333334,2014
Netherlands,47206.0,10.5775,2015
Netherlands,48108.0,12.738999999999999,2016
New Zealand,8246.0,12.803333333333333,1985
New Zealand,10114.0,14.889166666666666,1986
New Zealand,13238.0,17.543333333333333,1987
New Zealand,14890.0,17.085833333333333,1988
New Zealand,14417.0,15.885,1989
New Zealand,14734.0,15.5475,1990
New Zealand,13345.0,14.623333333333333,1991
New Zealand,12868.0,15.299166666666666,1992
New Zealand,14271.0,13.665000000000001,1993
New Zealand,16615.0,16.5525,1994
New Zealand,18945.0,16.618333333333336,1995
New Zealand,20434.0,16.260833333333334,1996
New Zealand,19041.0,16.523333333333337,1997
New Zealand,16052.0,16.755833333333335,1998
New Zealand,16556.0,14.733333333333336,1999
New Zealand,14725.0,13.128333333333332,2000
New Zealand,14968.0,14.991666666666667,2001
New Zealand,18208.0,12.66916666666667,2002
New Zealand,23663.0,14.362499999999999,2003
New Zealand,27325.0,13.617500000000001,2004
New Zealand,29803.0,13.160833333333336,2005
New Zealand,28628.0,13.061666666666667,2006
New Zealand,34892.0,12.349166666666667,2007
New Zealand,33585.0,12.648333333333328,2008
New Zealand,30259.0,12.750000000000002,2009
New Zealand,36145.0,12.718333333333334,2010
New Zealand,41184.0,11.901666666666669,2011
New Zealand,42756.0,13.16916666666667,2012
New Zealand,46198.0,12.045833333333334,2013
Nicaragua,1715.0,7.3950000000000005,2010
Nicaragua,1888.0,7.462499999999999,2011
Nicaragua,2006.0,6.024166666666666,2012
Nicaragua,2062.0,6.747500000000001,2013
Nicaragua,2199.0,5.949999999999999,2014
Nicaragua,2303.0,5.822499999999999,2015
Norway,20117.0,13.635,1986
Norway,23980.0,15.963333333333333,1987
Norway,25820.0,17.374999999999996,1988
Norway,25945.0,16.490833333333338,1989
Norway,30240.0,15.942500000000003,1990
Norway,30678.0,16.235000000000003,1991
Norway,32793.0,15.136666666666668,1992
Norway,30066.0,14.8375,1993
Norway,31520.0,12.544166666666667,1994
Norway,37483.0,13.029166666666667,1995
Norway,40098.0,12.8275,1996
Norway,39335.0,13.2175,1997
Norway,37334.0,12.805,1998
Norway,39013.0,13.610833333333332,1999
Norway,41099.0,12.527500000000002,2000
Norway,41281.0,12.857500000000002,2001
Norway,46049.0,11.75,2002
Norway,53533.0,11.506666666666662,2003
Norway,61450.0,11.780833333333334,2004
Norway,71215.0,11.840833333333334,2005
Norway,79007.0,11.889166666666668,2006
Norway,90797.0,10.647499999999999,2007
Norway,103431.0,11.0025,2008
Norway,85394.0,12.144999999999996,2009
Norway,93638.0,11.369166666666665,2010
Norway,107430.0,12.207500000000001,2011
Norway,108408.0,10.499999999999998,2012
Norway,109804.0,10.584166666666667,2013
Norway,103443.0,10.6025,2014
Norway,79187.0,11.369166666666667,2015
Oman,18557.0,1.7658333333333331,2009
Oman,21337.0,0.3166666666666667,2010
Oman,22328.0,0.12583333333333332,2014
Panama,3443.0,4.255,1985
Panama,3504.0,5.075833333333333,1986
Panama,3447.0,5.588333333333334,1987
Panama,2859.0,5.015833333333333,1988
Panama,2802.0,4.607500000000001,1989
Panama,3992.0,5.531666666666667,1996
Panama,4227.0,6.9325,1997
Panama,4488.0,6.390833333333332,1998
Panama,4606.0,6.469166666666665,1999
Panama,4577.0,7.131666666666668,2000
Panama,4558.0,7.230833333333334,2001
Panama,4641.0,6.578333333333333,2002
Panama,4790.0,8.103333333333333,2003
Panama,5144.0,6.8133333333333335,2004
Panama,5499.0,6.484166666666666,2005
Panama,5972.0,7.635833333333333,2006
Panama,6876.0,5.991666666666666,2007
Panama,7972.0,6.108333333333333,2008
Panama,8436.0,5.690833333333334,2009
Panama,8991.0,5.333333333333333,2010
Panama,10403.0,5.2275,2011
Panama,11908.0,4.626666666666666,2012
Panama,13189.0,4.109166666666666,2013
Panama,14181.0,4.665,2014
Panama,15158.0,3.741666666666666,2015
Paraguay,964.0,3.285,1985
Paraguay,1086.0,2.23,1986
Paraguay,1158.0,3.0499999999999994,1987
Paraguay,1330.0,2.9441666666666664,1989
Paraguay,1600.0,3.750833333333333,1990
Paraguay,1907.0,2.261666666666667,1991
Paraguay,1981.0,3.7049999999999996,1994
Paraguay,2223.0,3.360833333333334,1995
Paraguay,2341.0,2.7883333333333336,1996
Paraguay,2326.0,2.9650000000000003,1997
Paraguay,2057.0,4.045833333333333,1998
Paraguay,1868.0,3.7016666666666667,1999
Paraguay,1782.0,3.5649999999999995,2000
Paraguay,1630.0,4.71,2001
Paraguay,1315.0,3.620833333333334,2002
Paraguay,1339.0,4.279166666666668,2003
Paraguay,1598.0,5.453333333333334,2004
Paraguay,1704.0,5.234166666666667,2005
Paraguay,2038.0,5.464166666666666,2006
Paraguay,2599.0,5.209166666666667,2007
Paraguay,3438.0,4.86,2008
Paraguay,2920.0,5.610833333333332,2009
Paraguay,3619.0,4.546666666666668,2010
Paraguay,4474.0,5.6525,2011
Paraguay,4319.0,5.2749999999999995,2012
Paraguay,5006.0,6.2825000000000015,2013
Paraguay,5254.0,6.0125,2014
Philippines,958.0,0.8175,1992
Philippines,957.0,1.8308333333333333,1993
Philippines,1312.0,1.6866666666666665,1997
Philippines,1124.0,1.8375000000000001,1998
Philippines,1262.0,2.0733333333333333,1999
Philippines,1205.0,2.6841666666666666,2000
Philippines,1109.0,2.2566666666666664,2001
Philippines,1158.0,2.3783333333333334,2002
Philippines,1169.0,2.7841666666666662,2003
Philippines,1599.0,3.0549999999999997,2006
Philippines,1915.0,2.4308333333333336,2007
Philippines,2188.0,2.7541666666666664,2008
Philippines,2073.0,2.9075,2009
Philippines,2412.0,3.0800000000000005,2010
Philippines,2662.0,3.7424999999999993,2011
Poland,1876.0,14.386666666666665,1990
Poland,2416.0,15.022500000000003,1991
Poland,2650.0,16.202500000000004,1992
Poland,2683.0,15.654166666666669,1993
Poland,3081.0,15.496666666666664,1994
Poland,3937.0,15.141666666666666,1995
Poland,4413.0,14.850833333333332,1996
Poland,4640.0,15.345833333333331,1999
Poland,4744.0,15.917499999999999,2000
Poland,5249.0,15.054166666666667,2001
Poland,5466.0,15.272499999999996,2002
Poland,5983.0,15.012499999999996,2003
Poland,7014.0,15.644999999999996,2004
Poland,8417.0,15.503333333333332,2005
Poland,9485.0,15.237499999999999,2006
Poland,11816.0,13.872499999999995,2007
Poland,14721.0,14.781666666666665,2008
Poland,12141.0,16.425,2009
Poland,13304.0,15.886666666666665,2010
Poland,14686.0,15.321666666666667,2011
Poland,13894.0,16.030833333333337,2012
Poland,14552.0,15.632499999999999,2013
Poland,15119.0,14.858333333333334,2014
Poland,13228.0,13.915833333333333,2015
Portugal,2912.0,13.735000000000001,1985
Portugal,4145.0,13.794166666666664,1986
Portugal,5138.0,14.277499999999998,1987
Portugal,5995.0,11.479166666666664,1988
Portugal,6436.0,10.86,1989
Portugal,8356.0,12.5175,1990
Portugal,9483.0,13.76333333333333,1991
Portugal,11445.0,12.358333333333334,1992
Portugal,10098.0,10.485833333333334,1993
Portugal,10566.0,10.318333333333333,1994
Portugal,12469.0,10.744166666666667,1995
Portugal,12887.0,9.6475,1996
Portugal,12237.0,8.514999999999999,1997
Portugal,12892.0,7.254999999999999,1998
Portugal,13180.0,7.454999999999999,1999
Portugal,12152.0,7.156666666666667,2000
Portugal,12391.0,9.644166666666669,2001
Portugal,13614.0,14.319166666666666,2002
Portugal,16671.0,13.871666666666664,2003
Portugal,24003.0,11.962499999999999,2007
Portugal,26121.0,11.751666666666665,2008
Portugal,24254.0,11.641666666666666,2009
Portugal,23673.0,12.403333333333334,2010
Portugal,24337.0,10.655,2011
Portugal,21573.0,11.616666666666667,2012
Portugal,22641.0,11.060833333333333,2013
Portugal,23091.0,12.824166666666663,2014
Puerto Rico,6582.0,12.884166666666665,1985
Puerto Rico,7002.0,14.852500000000001,1986
Puerto Rico,7533.0,11.979999999999999,1987
Puerto Rico,8155.0,13.474166666666664,1988
Puerto Rico,8576.0,14.12833333333333,1989
Puerto Rico,9552.0,15.131666666666668,1990
Puerto Rico,9974.0,15.400833333333333,1991
Puerto Rico,10533.0,11.275833333333331,1992
Puerto Rico,11146.0,12.604166666666666,1993
Puerto Rico,11871.0,12.273333333333328,1994
Puerto Rico,12636.0,10.0725,1995
Puerto Rico,13328.0,11.650833333333336,1996
Puerto Rico,14037.0,8.271666666666665,1997
Puerto Rico,15610.0,10.9225,1998
Puerto Rico,16560.0,9.775833333333333,1999
Puerto Rico,17569.0,9.021666666666667,2000
Puerto Rico,19649.0,8.9075,2001
Puerto Rico,20325.0,7.632500000000001,2002
Puerto Rico,21264.0,8.082500000000001,2003
Puerto Rico,22874.0,9.079166666666667,2004
Puerto Rico,23944.0,8.759166666666667,2005
Puerto Rico,24943.0,7.941666666666667,2006
Puerto Rico,25625.0,7.756666666666668,2007
Puerto Rico,26840.0,8.923333333333334,2008
Puerto Rico,27661.0,10.408333333333333,2009
Puerto Rico,28267.0,8.653333333333334,2010
Puerto Rico,28876.0,7.545833333333334,2011
Puerto Rico,29247.0,7.258333333333333,2012
Puerto Rico,29510.0,7.549166666666668,2013
Puerto Rico,29515.0,6.424166666666667,2014
Puerto Rico,29728.0,7.131666666666668,2015
Qatar,17559.0,0.0,1995
Qatar,32510.0,2.2750000000000004,2001
Qatar,45517.0,1.2708333333333333,2004
Qatar,55899.0,1.5666666666666664,2005
Qatar,64762.0,7.275000000000001,2006
Qatar,71460.0,2.3841666666666668,2007
Qatar,87961.0,1.1291666666666667,2008
Qatar,64911.0,1.6583333333333334,2009
Qatar,74055.0,1.0691666666666666,2010
Qatar,90490.0,1.570833333333333,2011
Qatar,93270.0,1.1058333333333334,2012
Qatar,93066.0,0.6858333333333334,2013
Qatar,91587.0,1.5824999999999996,2014
Qatar,69937.0,1.57,2015
Qatar,62484.0,1.643,2016
Republic of Korea,2731.0,12.220833333333331,1985
Republic of Korea,3078.0,11.9425,1986
Republic of Korea,3834.0,10.686666666666666,1987
Republic of Korea,5089.0,9.548333333333334,1988
Republic of Korea,6217.0,10.116666666666667,1989
Republic of Korea,7056.0,10.044166666666667,1990
Republic of Korea,8145.0,9.681666666666668,1991
Republic of Korea,8671.0,10.615833333333333,1992
Republic of Korea,9479.0,13.290000000000001,1993
Republic of Korea,11073.0,13.783333333333333,1994
Republic of Korea,13217.0,14.940000000000003,1995
Republic of Korea,14071.0,18.0825,1996
Republic of Korea,12978.0,18.9,1997
Republic of Korea,8624.0,25.19333333333333,1998
Republic of Korea,11074.0,21.460000000000004,1999
Republic of Korea,12686.0,20.715833333333332,2000
Republic of Korea,11922.0,22.795,2001
Republic of Korea,13501.0,30.08666666666667,2002
Republic of Korea,14971.0,37.84333333333333,2003
Republic of Korea,16708.0,39.14166666666666,2004
Republic of Korea,19460.0,39.919999999999995,2005
Republic of Korea,21753.0,35.038333333333334,2006
Republic of Korea,23982.0,38.87833333333334,2007
Republic of Korea,21278.0,37.690000000000005,2008
Republic of Korea,19036.0,43.293333333333344,2009
Republic of Korea,22994.0,43.18333333333334,2010
Republic of Korea,25157.0,42.92083333333333,2011
Republic of Korea,25464.0,36.938333333333325,2012
Republic of Korea,27060.0,35.714166666666664,2013
Republic of Korea,29120.0,32.110833333333325,2014
Republic of Korea,28410.0,32.428333333333335,2015
Romania,1973.0,13.147500000000003,1989
Romania,1822.0,10.493333333333332,1990
Romania,1351.0,11.115,1991
Romania,1183.0,13.681666666666667,1992
Romania,1237.0,13.505833333333333,1993
Romania,1406.0,14.398333333333335,1994
Romania,1756.0,13.015,1995
Romania,1738.0,13.331666666666669,1996
Romania,1677.0,13.466666666666667,1997
Romania,1967.0,13.44083333333333,1998
Romania,1698.0,13.189166666666667,1999
Romania,1758.0,13.265833333333335,2000
Romania,1914.0,12.425833333333332,2001
Romania,2231.0,14.466666666666667,2002
Romania,2898.0,13.309166666666664,2003
Romania,3698.0,12.599166666666667,2004
Romania,4847.0,12.167499999999999,2005
Romania,6018.0,12.424166666666666,2006
Romania,8593.0,11.338333333333331,2007
Romania,10454.0,11.700000000000001,2008
Romania,8465.0,12.001666666666665,2009
Romania,8190.0,12.503333333333336,2010
Romania,9086.0,11.565,2011
Romania,9015.0,11.835833333333333,2012
Romania,10080.0,11.499166666666667,2013
Romania,10526.0,10.919166666666664,2014
Romania,9431.0,11.129166666666665,2015
Romania,10020.0,11.633000000000001,2016
Russian Federation,3740.0,33.235,1989
Russian Federation,3789.0,33.26416666666667,1990
Russian Federation,3773.0,33.033333333333324,1991
Russian Federation,3333.0,36.45666666666666,1992
Russian Federation,3160.0,43.505,1993
Russian Federation,2853.0,47.303333333333335,1994
Russian Federation,2844.0,45.615,1995
Russian Federation,2813.0,43.856666666666676,1996
Russian Federation,2907.0,42.34083333333333,1997
Russian Federation,1948.0,39.56166666666666,1998
Russian Federation,1412.0,42.51083333333333,1999
Russian Federation,1879.0,42.03916666666667,2000
Russian Federation,2229.0,42.05416666666667,2001
Russian Federation,2527.0,40.7125,2002
Russian Federation,3141.0,39.07583333333334,2003
Russian Federation,4312.0,37.30083333333334,2004
Russian Federation,5611.0,35.02833333333333,2005
Russian Federation,7313.0,33.4425,2006
Russian Federation,9643.0,32.249166666666675,2007
Russian Federation,12359.0,30.566666666666666,2008
Russian Federation,9118.0,29.400000000000002,2009
Russian Federation,11307.0,26.60083333333333,2010
Russian Federation,15226.0,24.973333333333333,2011
Russian Federation,16413.0,23.792500000000004,2012
Russian Federation,17052.0,22.83083333333333,2013
Russian Federation,15319.0,21.601666666666663,2014
Russian Federation,9987.0,19.74333333333333,2015
Saint Kitts and Nevis,5339.0,0.0,1990
Saint Kitts and Nevis,5368.0,0.0,1991
Saint Kitts and Nevis,5868.0,0.0,1992
Saint Lucia,2634.0,4.995833333333334,1986
Saint Lucia,2875.0,11.785000000000002,1987
Saint Lucia,3244.0,15.184166666666663,1988
Saint Lucia,3505.0,7.409166666666668,1989
Saint Lucia,4015.0,2.243333333333333,1990
Saint Lucia,4194.0,8.674166666666666,1991
Saint Lucia,4564.0,8.175833333333333,1992
Saint Lucia,4568.0,6.273333333333333,1993
Saint Lucia,4704.0,3.8166666666666664,1994
Saint Lucia,4947.0,6.809166666666667,1995
Saint Lucia,5031.0,5.085833333333334,1996
Saint Lucia,5053.0,9.795,1997
Saint Lucia,5407.0,9.919166666666667,1998
Saint Lucia,5590.0,6.245,1999
Saint Lucia,5557.0,16.488333333333333,2000
Saint Lucia,5195.0,4.923333333333333,2001
Saint Lucia,5155.0,15.62666666666667,2002
Saint Lucia,5599.0,11.105000000000002,2003
Saint Lucia,5989.0,5.514166666666667,2004
Saint Lucia,6292.0,2.0683333333333334,2005
Saint Lucia,7391.0,1.4858333333333331,2006
Saint Lucia,8122.0,0.0,2008
Saint Lucia,7902.0,6.859999999999999,2009
Saint Lucia,8557.0,2.5258333333333334,2010
Saint Lucia,8826.0,4.443333333333333,2011
Saint Lucia,8764.0,7.085833333333333,2012
Saint Lucia,9041.0,9.508333333333335,2013
Saint Lucia,9372.0,7.63,2014
Saint Vincent and Grenadines,1622.0,2.7325,1985
Saint Vincent and Grenadines,1771.0,0.0,1986
Saint Vincent and Grenadines,1908.0,0.0,1987
Saint Vincent and Grenadines,2553.0,6.005,1990
Saint Vincent and Grenadines,3293.0,7.1175,1995
Saint Vincent and Grenadines,3450.0,7.088333333333334,1996
Saint Vincent and Grenadines,3613.0,2.5016666666666665,1997
Saint Vincent and Grenadines,3874.0,16.201666666666668,1998
Saint Vincent and Grenadines,4041.0,5.483333333333334,1999
Saint Vincent and Grenadines,4087.0,3.6758333333333333,2000
Saint Vincent and Grenadines,4418.0,13.388333333333335,2001
Saint Vincent and Grenadines,4723.0,16.910833333333333,2002
Saint Vincent and Grenadines,4902.0,4.2425,2003
Saint Vincent and Grenadines,5286.0,3.871666666666666,2004
Saint Vincent and Grenadines,5556.0,6.009166666666666,2005
Saint Vincent and Grenadines,6142.0,10.172499999999998,2006
Saint Vincent and Grenadines,6539.0,8.5325,2007
Saint Vincent and Grenadines,6966.0,3.3574999999999995,2008
Saint Vincent and Grenadines,6754.0,0.9316666666666666,2009
Saint Vincent and Grenadines,6809.0,4.569166666666667,2010
Saint Vincent and Grenadines,6759.0,3.9150000000000005,2011
Saint Vincent and Grenadines,6918.0,8.1075,2012
Saint Vincent and Grenadines,7183.0,0.0,2013
Saint Vincent and Grenadines,7203.0,6.7316666666666665,2014
Saint Vincent and Grenadines,7496.0,2.3400000000000003,2015
San Marino,48255.0,5.362500000000001,1999
San Marino,43435.0,3.938333333333333,2000
San Marino,69301.0,2.8341666666666665,2005
Serbia,2547.0,25.587500000000002,1998
Serbia,2570.0,28.727499999999996,1999
Serbia,915.0,27.013333333333335,2000
Serbia,1718.0,24.75,2001
Serbia,2258.0,24.659166666666668,2002
Serbia,2979.0,22.605833333333333,2003
Serbia,3508.0,21.87583333333333,2004
Serbia,3719.0,23.859999999999996,2005
Serbia,4353.0,23.83916666666666,2006
Serbia,5748.0,21.537499999999998,2007
Serbia,7049.0,20.217499999999998,2008
Serbia,6116.0,21.53583333333334,2009
Serbia,5682.0,19.540000000000003,2010
Serbia,6734.0,20.287499999999998,2011
Serbia,5933.0,19.544166666666666,2012
Serbia,6662.0,18.144166666666667,2013
Serbia,6500.0,18.065,2014
Serbia,5492.0,17.164166666666667,2015
Seychelles,2947.0,13.015000000000002,1985
Seychelles,3621.0,1.9383333333333335,1986
Seychelles,4276.0,5.06,1987
Seychelles,8257.0,7.2975,2001
Seychelles,9070.0,12.843333333333334,2002
Seychelles,9001.0,8.333333333333334,2003
Seychelles,10526.0,5.272500000000001,2004
Seychelles,11361.0,5.958333333333333,2005
Seychelles,12442.0,22.979166666666668,2006
Seychelles,12554.0,12.303333333333333,2007
Seychelles,11667.0,3.2558333333333334,2008
Seychelles,10157.0,3.6508333333333334,2009
Seychelles,11563.0,4.3325,2010
Seychelles,13204.0,4.278333333333333,2011
Seychelles,13044.0,2.7916666666666665,2012
Seychelles,16090.0,10.950000000000001,2013
Seychelles,16018.0,3.6108333333333333,2014
Seychelles,16005.0,6.770833333333333,2015
Singapore,8142.0,29.446666666666673,1985
Singapore,7805.0,27.050833333333333,1986
Singapore,8679.0,22.796666666666667,1987
Singapore,10586.0,30.015833333333333,1988
Singapore,12514.0,29.50916666666667,1989
Singapore,14393.0,22.669166666666666,1990
Singapore,17768.0,19.115,1991
Singapore,20029.0,17.118333333333332,1992
Singapore,22835.0,19.595000000000002,1993
Singapore,27202.0,20.570833333333336,1994
Singapore,31783.0,23.563333333333333,1995
Singapore,34148.0,17.411666666666665,1996
Singapore,34779.0,17.22083333333333,1997
Singapore,29150.0,17.946666666666665,1998
Singapore,28789.0,13.870833333333337,1999
Singapore,31446.0,13.694999999999999,2000
Singapore,28774.0,13.983333333333336,2001
Singapore,29048.0,14.365833333333335,2002
Singapore,30067.0,14.394999999999998,2003
Singapore,34799.0,13.956666666666663,2004
Singapore,38122.0,15.027500000000002,2005
Singapore,43318.0,12.39583333333333,2006
Singapore,53098.0,13.813333333333334,2007
Singapore,55735.0,12.520833333333334,2008
Singapore,54413.0,12.465000000000002,2009
Singapore,66099.0,10.769166666666669,2010
Singapore,76638.0,9.746666666666666,2011
Singapore,80040.0,11.801666666666664,2012
Singapore,83151.0,11.489166666666668,2013
Singapore,84442.0,10.981666666666667,2014
Singapore,81766.0,9.107499999999998,2015
Slovakia,3143.0,17.852500000000003,1992
Slovakia,3334.0,16.278333333333332,1993
Slovakia,4036.0,15.420000000000003,1994
Slovakia,5141.0,16.558333333333326,1995
Slovakia,5529.0,14.541666666666671,1996
Slovakia,5468.0,13.675000000000002,1997
Slovakia,5871.0,13.486666666666666,1998
Slovakia,5966.0,14.340000000000002,1999
Slovakia,5696.0,15.006666666666668,2000
Slovakia,6020.0,14.323333333333332,2001
Slovakia,6869.0,15.980833333333335,2002
Slovakia,9138.0,14.09666666666667,2003
Slovakia,11177.0,12.574999999999998,2004
Slovakia,12229.0,13.780833333333334,2005
Slovakia,13763.0,0.0,2006
Slovakia,16815.0,0.0,2007
Slovakia,19530.0,11.183333333333335,2008
Slovakia,17299.0,11.590000000000002,2009
Slovakia,17387.0,11.973333333333334,2010
Slovakia,18256.0,10.790000000000001,2012
Slovakia,19226.0,11.992499999999998,2013
Slovakia,19679.0,11.068333333333335,2014
Slovenia,11291.0,32.822500000000005,1995
Slovenia,11346.0,35.092499999999994,1996
Slovenia,11014.0,34.175,1997
Slovenia,11767.0,34.46666666666666,1998
Slovenia,12041.0,32.779999999999994,1999
Slovenia,10783.0,33.67666666666667,2000
Slovenia,10979.0,35.28333333333333,2001
Slovenia,12362.0,29.525000000000002,2002
Slovenia,15568.0,31.380000000000006,2003
Slovenia,18067.0,24.873333333333324,2004
Slovenia,19012.0,28.117500000000003,2005
Slovenia,20634.0,28.989166666666666,2006
Slovenia,24964.0,24.287499999999994,2007
Slovenia,28599.0,21.924166666666665,2008
Slovenia,25872.0,22.392500000000002,2009
Slovenia,24689.0,22.132499999999997,2010
Slovenia,26377.0,23.471666666666664,2011
Slovenia,23820.0,23.311666666666667,2012
Slovenia,24697.0,23.584999999999994,2013
Slovenia,25569.0,20.03083333333333,2014
Slovenia,22036.0,22.0675,2015
South Africa,3908.0,0.6691666666666666,1996
South Africa,3960.0,0.41250000000000003,1997
South Africa,3512.0,0.6416666666666666,1998
South Africa,3424.0,0.9058333333333333,1999
South Africa,3361.0,0.7949999999999999,2000
South Africa,2953.0,1.0358333333333334,2001
South Africa,2769.0,0.5816666666666667,2002
South Africa,4132.0,0.7700000000000001,2003
South Africa,5323.0,1.0525,2004
South Africa,5914.0,1.2741666666666667,2005
South Africa,6166.0,1.4933333333333332,2006
South Africa,6708.0,1.01,2007
South Africa,6573.0,1.1783333333333332,2008
South Africa,6517.0,0.8925,2009
South Africa,8128.0,1.0908333333333333,2010
South Africa,8906.0,0.7758333333333333,2011
South Africa,8347.0,1.1300000000000001,2012
South Africa,7612.0,1.2416666666666667,2013
South Africa,7174.0,1.2566666666666666,2014
South Africa,6403.0,1.0833333333333335,2015
Spain,5009.0,9.5775,1985
Spain,6919.0,9.985833333333334,1986
Spain,8727.0,10.178333333333333,1987
Spain,10250.0,10.606666666666667,1988
Spain,11258.0,10.540833333333333,1989
Spain,14517.0,10.770000000000001,1990
Spain,15574.0,10.153333333333334,1991
Spain,17005.0,9.917499999999999,1992
Spain,14106.0,10.070833333333333,1993
Spain,14223.0,10.360000000000001,1994
Spain,16444.0,10.3175,1995
Spain,17166.0,10.544166666666667,1996
Spain,15738.0,10.943333333333333,1997
Spain,16473.0,10.336666666666668,1998
Spain,16756.0,9.923333333333334,1999
Spain,15538.0,10.184166666666668,2000
Spain,16169.0,9.366666666666667,2001
Spain,17924.0,9.636666666666667,2002
Spain,22701.0,9.707499999999998,2003
Spain,26372.0,9.385833333333334,2004
Spain,28092.0,8.971666666666666,2005
Spain,30246.0,8.3225,2006
Spain,34769.0,8.245833333333332,2007
Spain,37848.0,8.209999999999999,2008
Spain,34470.0,8.168333333333331,2009
Spain,32839.0,7.286666666666666,2010
Spain,34097.0,7.382499999999999,2011
Spain,30146.0,8.073333333333332,2012
Spain,30792.0,8.443333333333332,2013
Spain,31171.0,8.695833333333335,2014
Spain,27108.0,8.115000000000002,2015
Sri Lanka,431.0,46.56000000000001,1985
Sri Lanka,454.0,44.15000000000001,1986
Sri Lanka,834.0,32.975833333333334,1996
Sri Lanka,900.0,39.34166666666666,1997
Sri Lanka,935.0,37.59583333333334,1998
Sri Lanka,920.0,37.10333333333333,1999
Sri Lanka,953.0,35.60750000000001,2000
Sri Lanka,912.0,29.838333333333335,2001
Sri Lanka,951.0,28.284166666666668,2002
Sri Lanka,1077.0,29.39583333333334,2003
Sri Lanka,1580.0,27.394166666666674,2006
Suriname,2706.0,39.23666666666667,1985
Suriname,2731.0,17.665833333333335,1986
Suriname,2951.0,20.974999999999998,1987
Suriname,3418.0,17.47666666666667,1988
Suriname,1560.0,17.676666666666666,1989
Suriname,1114.0,17.840833333333332,1990
Suriname,1235.0,17.955000000000002,1991
Suriname,1093.0,11.496666666666668,1992
Suriname,1782.0,15.21,1995
Suriname,2174.0,7.022500000000001,1996
Suriname,2314.0,9.640833333333333,1997
Suriname,2318.0,8.495833333333334,1998
Suriname,2142.0,18.058333333333334,1999
Suriname,2129.0,10.660833333333333,2000
Suriname,1798.0,18.174166666666668,2001
Suriname,2507.0,17.852500000000003,2002
Suriname,2916.0,20.499999999999996,2003
Suriname,3360.0,16.84166666666667,2004
Suriname,4009.0,17.5975,2005
Suriname,5794.0,24.855,2006
Suriname,6397.0,29.678333333333338,2007
Suriname,7601.0,34.73499999999999,2008
Suriname,8238.0,30.80916666666667,2009
Suriname,9176.0,35.44166666666667,2010
Suriname,9184.0,29.442500000000006,2011
Suriname,10227.0,37.8425,2012
Suriname,10451.0,23.899999999999995,2013
Suriname,10530.0,29.778333333333332,2014
Sweden,22813.0,19.2425,1987
Sweden,25731.0,19.305833333333332,1988
Sweden,26978.0,19.86166666666666,1989
Sweden,32246.0,18.50416666666667,1990
Sweden,33623.0,18.128333333333334,1991
Sweden,34721.0,16.731666666666666,1992
Sweden,25880.0,16.747500000000002,1993
Sweden,27658.0,16.3075,1994
Sweden,32072.0,15.976666666666667,1995
Sweden,34819.0,14.853333333333337,1996
Sweden,31821.0,13.932500000000003,1997
Sweden,31966.0,14.65,1998
Sweden,32328.0,14.386666666666665,1999
Sweden,30896.0,13.54166666666667,2000
Sweden,28429.0,13.957500000000003,2001
Sweden,31175.0,13.559166666666668,2002
Sweden,38997.0,12.784166666666666,2003
Sweden,44831.0,13.117500000000001,2004
Sweden,45563.0,13.718333333333328,2005
Sweden,48977.0,13.396666666666667,2006
Sweden,56531.0,12.282499999999997,2007
Sweden,59155.0,12.973333333333334,2008
Sweden,49070.0,13.366666666666667,2009
Sweden,55352.0,12.211666666666668,2010
Sweden,63380.0,11.814166666666667,2011
Sweden,60776.0,12.3425,2012
Sweden,64133.0,13.183333333333337,2013
Sweden,62956.0,12.420833333333333,2014
Sweden,54629.0,12.441666666666665,2015
Sweden,55594.0,13.884000000000004,2016
Switzerland,51774.0,23.58916666666667,1995
Switzerland,49621.0,23.324166666666667,1996
Switzerland,42923.0,22.230833333333333,1997
Switzerland,43872.0,22.784999999999997,1998
Switzerland,42859.0,20.99833333333333,1999
Switzerland,39952.0,22.183333333333334,2000
Switzerland,40582.0,21.8075,2001
Switzerland,43419.0,22.808333333333337,2002
Switzerland,50639.0,20.221666666666668,2003
Switzerland,56123.0,20.18916666666667,2004
Switzerland,57790.0,20.515833333333333,2005
Switzerland,60536.0,20.13583333333333,2006
Switzerland,66807.0,21.3175,2007
Switzerland,76202.0,19.7925,2008
Switzerland,73529.0,15.01083333333333,2009
Switzerland,78474.0,13.37666666666667,2010
Switzerland,93053.0,14.01833333333333,2011
Switzerland,87951.0,13.782499999999997,2012
Switzerland,89634.0,14.188333333333334,2013
Switzerland,90809.0,13.508333333333335,2014
Switzerland,86068.0,13.721666666666666,2015
Thailand,840.0,6.878333333333334,1985
Thailand,911.0,5.992500000000001,1986
Thailand,1045.0,6.8183333333333325,1987
Thailand,1666.0,7.993333333333332,1990
Thailand,1891.0,7.204999999999999,1991
Thailand,2120.0,6.925,1992
Thailand,2784.0,4.689166666666668,1994
Thailand,3114.0,7.793333333333334,1995
Thailand,3324.0,7.754166666666666,1996
Thailand,2689.0,7.197500000000001,1997
Thailand,2005.0,8.296666666666665,1998
Thailand,2203.0,9.085833333333333,1999
Thailand,2169.0,8.841666666666667,2000
Thailand,2305.0,8.593333333333332,2002
Thailand,2531.0,7.596666666666667,2003
Thailand,2849.0,7.171666666666667,2004
Thailand,3094.0,6.4991666666666665,2005
Thailand,3598.0,5.753333333333335,2006
Thailand,4461.0,6.5950000000000015,2007
Thailand,4921.0,6.515,2008
Thailand,4736.0,6.546666666666667,2009
Thailand,5707.0,6.708333333333332,2010
Thailand,6153.0,6.465833333333335,2011
Thailand,6584.0,6.724166666666664,2012
Thailand,6917.0,6.630000000000002,2013
Thailand,6662.0,6.413333333333334,2014
Thailand,6552.0,6.762500000000002,2015
Thailand,6713.0,7.731999999999999,2016
Trinidad and Tobago,7317.0,2.5141666666666667,1985
Trinidad and Tobago,4516.0,10.260833333333332,1986
Trinidad and Tobago,4449.0,12.961666666666668,1987
Trinidad and Tobago,4104.0,19.062499999999996,1988
Trinidad and Tobago,4040.0,16.513333333333332,1989
Trinidad and Tobago,4656.0,15.531666666666672,1990
Trinidad and Tobago,4817.0,12.794999999999996,1991
Trinidad and Tobago,4803.0,16.199166666666667,1992
Trinidad and Tobago,4066.0,13.460833333333332,1993
Trinidad and Tobago,4254.0,13.283333333333333,1994
Trinidad and Tobago,4637.0,20.24416666666667,1995
Trinidad and Tobago,4982.0,16.363333333333333,1996
Trinidad and Tobago,4937.0,15.7825,1997
Trinidad and Tobago,5175.0,16.33666666666667,1998
Trinidad and Tobago,5803.0,12.11,1999
Trinidad and Tobago,6920.0,16.526666666666664,2000
Trinidad and Tobago,7458.0,17.110833333333332,2001
Trinidad and Tobago,7578.0,13.250833333333333,2002
Trinidad and Tobago,9465.0,13.187499999999998,2003
Trinidad and Tobago,11066.0,15.690000000000003,2004
Trinidad and Tobago,13258.0,12.011666666666668,2005
Trinidad and Tobago,15190.0,11.1575,2006
Trinidad and Tobago,17827.0,11.965000000000002,2007
Trinidad and Tobago,22857.0,14.854166666666666,2008
Trinidad and Tobago,15652.0,10.020000000000001,2009
Trinidad and Tobago,18000.0,12.54166666666667,2010
Trinidad and Tobago,20557.0,11.557500000000003,2011
Turkey,9773.0,1.7741666666666667,2009
Turkey,11525.0,2.6408333333333336,2010
Turkey,12237.0,1.9225,2011
Turkey,12671.0,2.3666666666666667,2012
Turkey,13603.0,2.9516666666666667,2013
Turkey,13170.0,2.5691666666666673,2014
Turkey,11961.0,2.3725,2015
Turkmenistan,815.0,14.4675,1987
Turkmenistan,1029.0,13.5375,1988
Turkmenistan,1003.0,11.277500000000003,1989
Turkmenistan,1036.0,14.334166666666667,1990
Turkmenistan,1014.0,10.578333333333335,1991
Turkmenistan,984.0,9.320833333333333,1992
Turkmenistan,954.0,9.619166666666667,1993
Turkmenistan,748.0,9.743333333333332,1994
Turkmenistan,650.0,7.536666666666668,1995
Turkmenistan,608.0,8.636666666666668,1996
Turkmenistan,612.0,8.414166666666667,1997
Turkmenistan,636.0,11.375000000000002,1998
Turkmenistan,619.0,12.088333333333333,1999
Turkmenistan,721.0,9.344166666666666,2000
Turkmenistan,863.0,11.121666666666668,2001
Turkmenistan,1077.0,9.619166666666667,2002
Turkmenistan,1431.0,8.918333333333335,2003
Turkmenistan,1624.0,9.399999999999999,2004
Turkmenistan,1906.0,11.182500000000003,2005
Turkmenistan,2397.0,11.986666666666666,2006
Turkmenistan,2916.0,8.057500000000001,2007
Turkmenistan,4368.0,9.798333333333334,2008
Turkmenistan,4508.0,3.545,2009
Turkmenistan,4962.0,3.8124999999999996,2010
Turkmenistan,6319.0,2.6358333333333337,2011
Turkmenistan,7498.0,2.5500000000000003,2012
Turkmenistan,8255.0,1.940833333333333,2013
Turkmenistan,9046.0,2.345833333333333,2014
Turkmenistan,7326.0,2.373333333333334,2015
Ukraine,1353.0,24.50333333333333,1987
Ukraine,1571.0,23.893333333333334,1988
Ukraine,1732.0,26.36,1989
Ukraine,1698.0,24.725000000000005,1990
Ukraine,1607.0,24.825833333333335,1991
Ukraine,1525.0,26.87416666666667,1992
Ukraine,1349.0,29.3425,1993
Ukraine,1081.0,32.024166666666666,1994
Ukraine,996.0,33.05583333333333,1995
Ukraine,925.0,33.61833333333333,1996
Ukraine,1046.0,32.972500000000004,1997
Ukraine,879.0,32.512499999999996,1998
Ukraine,666.0,31.338333333333335,1999
Ukraine,663.0,31.432500000000005,2000
Ukraine,812.0,29.011666666666667,2001
Ukraine,920.0,28.67083333333333,2002
Ukraine,1097.0,28.089166666666674,2003
Ukraine,1432.0,25.587500000000002,2004
Ukraine,1917.0,24.765,2005
Ukraine,2418.0,23.56583333333333,2006
Ukraine,3229.0,23.426666666666666,2007
Ukraine,4104.0,22.875,2008
Ukraine,2691.0,23.27166666666666,2009
Ukraine,3141.0,21.922500000000003,2010
Ukraine,3788.0,21.999999999999996,2011
Ukraine,4096.0,22.372500000000006,2012
Ukraine,3299.0,20.875,2014
Ukraine,2256.0,20.393333333333334,2015
United Arab Emirates,42196.0,1.3375000000000001,2005
United Arab Emirates,45110.0,1.3791666666666667,2006
United Arab Emirates,45285.0,1.3325,2007
United Arab Emirates,48457.0,0.9883333333333333,2008
United Arab Emirates,34960.0,0.9775000000000001,2009
United Arab Emirates,36964.0,1.8925,2010
United Kingdom,9231.0,9.704166666666667,1985
United Kingdom,11323.0,9.334166666666667,1986
United Kingdom,13996.0,8.650833333333333,1987
United Kingdom,17072.0,9.545833333333333,1988
United Kingdom,17349.0,8.265833333333335,1989
United Kingdom,20411.0,8.611666666666668,1990
United Kingdom,21201.0,8.233333333333334,1991
United Kingdom,21815.0,8.229166666666666,1992
United Kingdom,19553.0,8.070833333333333,1993
United Kingdom,20927.0,7.896666666666668,1994
United Kingdom,24389.0,7.695,1995
United Kingdom,25609.0,7.36,1996
United Kingdom,28091.0,7.3983333333333325,1997
United Kingdom,29508.0,7.5633333333333335,1998
United Kingdom,29832.0,7.703333333333334,1999
United Kingdom,29358.0,7.2775,2000
United Kingdom,29179.0,7.095,2001
United Kingdom,31630.0,6.892499999999999,2002
United Kingdom,36289.0,6.679166666666666,2003
United Kingdom,42486.0,6.8933333333333335,2004
United Kingdom,44372.0,6.596666666666665,2005
United Kingdom,47163.0,6.514166666666667,2006
United Kingdom,53576.0,6.243333333333333,2007
United Kingdom,50111.0,6.725833333333334,2008
United Kingdom,41074.0,6.500000000000001,2009
United Kingdom,41798.0,6.4508333333333345,2010
United Kingdom,44491.0,6.524166666666666,2011
United Kingdom,44585.0,6.6225,2012
United Kingdom,45594.0,7.076666666666665,2013
United Kingdom,49906.0,6.994166666666666,2014
United Kingdom,47240.0,7.228333333333333,2015
United States,19693.0,15.393333333333338,1985
United States,20588.0,15.970833333333337,1986
United States,21631.0,15.971666666666664,1987
United States,23103.0,15.642500000000004,1988
United States,24654.0,15.203333333333333,1989
United States,26004.0,15.650000000000004,1990
United States,26503.0,15.314166666666665,1991
United States,27760.0,14.814166666666667,1992
United States,28891.0,14.926666666666664,1993
United States,30375.0,14.66916666666667,1994
United States,31518.0,14.42416666666667,1995
United States,32928.0,13.87083333333333,1996
United States,34644.0,13.496666666666664,1997
United States,36164.0,13.37583333333333,1998
United States,38072.0,12.56416666666667,1999
United States,39218.0,12.214999999999998,2000
United States,40018.0,12.351666666666665,2001
United States,40845.0,12.501666666666665,2002
United States,42468.0,12.136666666666665,2003
United States,44867.0,12.241666666666669,2004
United States,47423.0,12.223333333333334,2005
United States,49666.0,12.094166666666668,2006
United States,51585.0,12.426666666666668,2007
United States,52128.0,12.770000000000001,2008
United States,50563.0,12.849166666666667,2009
United States,51989.0,13.240833333333335,2010
United States,53452.0,13.53,2011
United States,55170.0,13.761666666666665,2012
United States,56520.0,13.889166666666666,2013
United States,58531.0,14.277500000000003,2014
United States,60387.0,14.617499999999998,2015
Uruguay,1729.0,14.88416666666667,1985
Uruguay,2132.0,14.372499999999997,1986
Uruguay,2651.0,13.7025,1987
Uruguay,2934.0,13.705,1988
Uruguay,2992.0,16.371666666666666,1989
Uruguay,3281.0,15.055833333333332,1990
Uruguay,5180.0,18.585,1993
Uruguay,5984.0,17.833333333333332,1994
Uruguay,6555.0,19.828333333333333,1995
Uruguay,6914.0,15.660833333333331,1996
Uruguay,8012.0,19.4925,1997
Uruguay,8420.0,22.006666666666664,1998
Uruguay,7903.0,20.30166666666667,1999
Uruguay,7483.0,22.855833333333337,2000
Uruguay,6827.0,19.676666666666666,2001
Uruguay,4439.0,27.640833333333333,2002
Uruguay,3929.0,21.60416666666667,2003
Uruguay,4463.0,21.540833333333335,2004
Uruguay,5655.0,20.10916666666667,2005
Uruguay,6362.0,20.675833333333333,2006
Uruguay,7581.0,22.1925,2007
Uruguay,9793.0,19.544166666666666,2008
Uruguay,10166.0,19.8125,2009
Uruguay,12882.0,21.4525,2010
Uruguay,16264.0,22.029166666666665,2012
Uruguay,18179.0,20.7575,2013
Uruguay,18012.0,20.719999999999995,2014
Uruguay,16696.0,22.50166666666667,2015
Uzbekistan,778.0,10.78,1990
Uzbekistan,788.0,10.348333333333333,1991
Uzbekistan,709.0,9.274166666666666,1992
Uzbekistan,708.0,9.313333333333334,1993
Uzbekistan,674.0,9.237499999999999,1994
Uzbekistan,681.0,9.275,1995
Uzbekistan,703.0,10.421666666666665,1996
Uzbekistan,724.0,9.215,1997
Uzbekistan,719.0,9.025,1998
Uzbekistan,801.0,9.444166666666666,1999
Uzbekistan,632.0,10.025833333333333,2000
Uzbekistan,513.0,9.66,2001
Uzbekistan,428.0,7.94,2002
Uzbekistan,441.0,6.838333333333332,2003
Uzbekistan,516.0,5.669999999999999,2004
Uzbekistan,606.0,5.650833333333332,2005
Uzbekistan,1332.0,5.071666666666666,2009
Uzbekistan,1533.0,5.269166666666668,2010
Uzbekistan,1767.0,5.595,2011
Uzbekistan,1964.0,6.460833333333336,2012
Uzbekistan,2150.0,6.571666666666665,2013
Uzbekistan,2309.0,7.093333333333333,2014
